name,str_hausnr,plz_ort,kategorie,hauptkateg,beschreib,url,bedeutung,prioritaet,poi_id,angelegt,geaendert,qstatus_id,coll_id,coll_pfad,coll_desc,ma_darst,ma_sign,sammlung,samm_pfad
Amtmann-Kreyenfeld-Schule,Kreyenfeldstraße 80,44894 Bochum,Grundschulen,Bildung,"Städtische Gemeinschaftsgrundschule, offene Ganztagsschule",www.amtmann-kreyenfeld-schule.de/,"3","1","151",2009/06/05,2020/08/04,"3","8",Bildung/Allgemeinbildende Schulen/Grundschulen,,"1",61101000XESchuleAllgemeinGrundschule,,
Anne-Frank-Schule,Heinrichstraße 2,44805 Bochum,Realschulen,Bildung,Städtische Realschule im Schulzentrum Gerthe,www.anne-frank-rs-bochum.de/,"3","1","152",2009/06/05,2020/08/04,"3","10",Bildung/Allgemeinbildende Schulen/Realschulen,,"1",61101150XESchuleAllgemeinRealschule,,
Annette-von-Droste-Hülshoff-Schule,Lohring 22,44789 Bochum,Realschulen,Bildung,"Städtische Realschule, pädagogische Übermittagsbetreuung",www.annette.bobi.net,"3","1","153",2009/06/05,2020/08/04,"3","10",Bildung/Allgemeinbildende Schulen/Realschulen,,"1",61101150XESchuleAllgemeinRealschule,,
Astrid-Lindgren-Schule,Lindener Straße 28,44879 Bochum,Grundschulen,Bildung,"Städtische Gemeinschaftsgrundschule, offene Ganztagsschule",www.astrid-lindgren-schule-bochum.de,"3","1","155",2009/06/05,2020/08/04,"3","8",Bildung/Allgemeinbildende Schulen/Grundschulen,,"1",61101000XESchuleAllgemeinGrundschule,,
Berufsfachschule für medizinisch-technische Assistenten,In der Schornau 23,44892 Bochum,Schulen im Gesundheitsbereich,Bildung,am Universitätsklinik Knappschaftskrankenhaus Bochum GmbH,www.kk-bochum.de/de/Mitarbeiter_Karriere/MTA-Schule/index.php?highmain=4&highsub=0&highsubsub=0,"3","1","157",2009/06/05,2018/10/24,"3","54",Bildung/Berufsschulen/Schulen im Gesundheitsbereich,"Schulen im Bereich des Gesundheitswesens: Krankenpflege-, Logopäden-, Heilpraktiker-, Hebammenschulen etc.","1",61201200XEWeiterbildungFachschule,,
"Alice-Salomon-Berufskolleg für Ernährung, Erziehung und Gesundheit",Akademiestraße 46-48,44789 Bochum,Berufskollegs,Bildung,"Schule für Ernährung, Erziehung und Gesundheit, Berufliche Schulen und Berufliches Gymnasium",www.alice-salomon-berufskolleg.de,"3","1","158",2009/06/05,2020/08/05,"3","151",Bildung/Berufsschulen/Berufskollegs,,"1",61201000XEWeiterbildungBerufsschule,,
"Alice-Salomon-Berufskolleg für Ernährung, Erziehung und Gesundheit",Akademiestraße 46-48,44789 Bochum,Berufsbildende Schulen,Bildung,"Schule für Ernährung, Erziehung und Gesundheit, Berufliche Schulen und Berufliches Gymnasium",www.alice-salomon-berufskolleg.de,"3","2","158",2009/06/05,2020/08/05,"3","31",Bildung/Berufsschulen/Berufsbildende Schulen,Berufsbildende Schulen allgemein,"1",61201000XEWeiterbildungBerufsschule,,
Klaus-Steilmann-Berufskolleg,Westenfelder Straße 88,44867 Bochum,Berufskollegs,Bildung,"Kaufmännische Schule der Stadt Bochum, Berufs-, Berufsfach- und Fachoberschule für Wirtschaft und Verwaltung",www.klaus-steilmann-berufskolleg.de/,"3","1","160",2009/06/05,2020/08/05,"3","151",Bildung/Berufsschulen/Berufskollegs,,"1",61201000XEWeiterbildungBerufsschule,,
Klaus-Steilmann-Berufskolleg,Westenfelder Straße 88,44867 Bochum,Berufsbildende Schulen,Bildung,"Kaufmännische Schule der Stadt Bochum, Berufs-, Berufsfach- und Fachoberschule für Wirtschaft und Verwaltung",www.klaus-steilmann-berufskolleg.de/,"3","2","160",2009/06/05,2020/08/05,"3","31",Bildung/Berufsschulen/Berufsbildende Schulen,Berufsbildende Schulen allgemein,"1",61201000XEWeiterbildungBerufsschule,,
Berufskolleg der Stadt Bochum Technische Beruflichle Schule 1,Ostring 25,44787 Bochum,Berufsbildende Schulen,Bildung,"Technische Berufs-, Berufsfach-, Höhere Berufsfach-, Fach- und Fachoberschule",www.tbs1.de,"3","2","161",2009/06/05,2020/08/05,"3","31",Bildung/Berufsschulen/Berufsbildende Schulen,Berufsbildende Schulen allgemein,"1",61201000XEWeiterbildungBerufsschule,,
Berufskolleg der Stadt Bochum Technische Beruflichle Schule 1,Ostring 25,44787 Bochum,Berufskollegs,Bildung,"Technische Berufs-, Berufsfach-, Höhere Berufsfach-, Fach- und Fachoberschule",www.tbs1.de,"3","1","161",2009/06/05,2020/08/05,"3","151",Bildung/Berufsschulen/Berufskollegs,,"1",61201000XEWeiterbildungBerufsschule,,
"Walter-Gropius-Berufskolleg, Hauptgebäude",Ostring 27,44787 Bochum,Berufsbildende Schulen,Bildung,"Technische Schule der Stadt Bochum, Berufs-, Berufsfach-, Fach- und Fachoberschule, Berufliches Gymnasium",www.wg-bo.de/,"3","2","162",2009/06/05,2020/08/05,"3","31",Bildung/Berufsschulen/Berufsbildende Schulen,Berufsbildende Schulen allgemein,"1",61201000XEWeiterbildungBerufsschule,,
"Walter-Gropius-Berufskolleg, Hauptgebäude",Ostring 27,44787 Bochum,Berufskollegs,Bildung,"Technische Schule der Stadt Bochum, Berufs-, Berufsfach-, Fach- und Fachoberschule, Berufliches Gymnasium",www.wg-bo.de/,"3","1","162",2009/06/05,2020/08/05,"3","151",Bildung/Berufsschulen/Berufskollegs,,"1",61201000XEWeiterbildungBerufsschule,,
Walter-Gropius-Berufskolleg - Nebenstelle Weitmar,Karl-Friedrich-Straße 66a,44795 Bochum,Berufsbildende Schulen,Bildung,"Ausbildungsschwerpunkte: Berufsschule: Medientechnik, Fachoberschule Gestaltung, Gestaltungstechnische Assistenten/-innen FHR, Gestaltungstechnische Assistenten/-innen AHR",www.wg-bo.de,"3","2","163",2009/06/05,2020/08/05,"3","31",Bildung/Berufsschulen/Berufsbildende Schulen,Berufsbildende Schulen allgemein,"1",61201000XEWeiterbildungBerufsschule,,
Walter-Gropius-Berufskolleg - Nebenstelle Weitmar,Karl-Friedrich-Straße 66a,44795 Bochum,Berufskollegs,Bildung,"Ausbildungsschwerpunkte: Berufsschule: Medientechnik, Fachoberschule Gestaltung, Gestaltungstechnische Assistenten/-innen FHR, Gestaltungstechnische Assistenten/-innen AHR",www.wg-bo.de,"3","1","163",2009/06/05,2020/08/05,"3","151",Bildung/Berufsschulen/Berufskollegs,,"1",61201000XEWeiterbildungBerufsschule,,
Berufskolleg der Stadt Bochum -Technische Berufliche Schule 1 Teilstandort Lenneplatz,Lenneplatz 21-23,44807 Bochum,Berufsbildende Schulen,Bildung,"Technische Berufs-, Berufsfach-, Höhere Berufsfach-, Fach- und Fachoberschule",www.tbs1.de/jcms/,"3","1","165",2009/06/05,2018/10/17,"3","31",Bildung/Berufsschulen/Berufsbildende Schulen,Berufsbildende Schulen allgemein,"1",61201000XEWeiterbildungBerufsschule,,
Berufskolleg der Stadt Bochum -Technische Berufliche Schule 1 Teilstandort Lenneplatz,Lenneplatz 21-23,44807 Bochum,Berufskollegs,Bildung,"Technische Berufs-, Berufsfach-, Höhere Berufsfach-, Fach- und Fachoberschule",www.tbs1.de/jcms/,"3","2","165",2009/06/05,2018/10/17,"3","151",Bildung/Berufsschulen/Berufskollegs,,"1",61201000XEWeiterbildungBerufsschule,,
Berufskolleg im Evangelischen Johanneswerk.e.V.,Dannenbaumstraße 63,44803 Bochum,Schulen im Gesundheitsbereich,Bildung,Fachschule für Heilerziehungspflege und Berufsfachschule für Heilerziehungshilfe,johanneswerk.de/de/einrichtungen/berufskolleg-bochum/startseite.html,"3","1","166",2009/06/05,2019/06/07,"3","54",Bildung/Berufsschulen/Schulen im Gesundheitsbereich,"Schulen im Bereich des Gesundheitswesens: Krankenpflege-, Logopäden-, Heilpraktiker-, Hebammenschulen etc.","1",61201200XEWeiterbildungFachschule,,
Berufskolleg im Evangelischen Johanneswerk.e.V.,Dannenbaumstraße 63,44803 Bochum,Berufskollegs,Bildung,Fachschule für Heilerziehungspflege und Berufsfachschule für Heilerziehungshilfe,johanneswerk.de/de/einrichtungen/berufskolleg-bochum/startseite.html,"3","2","166",2009/06/05,2019/06/07,"3","151",Bildung/Berufsschulen/Berufskollegs,,"1",61201000XEWeiterbildungBerufsschule,,
Bildungszentrum Bergmannsheil (BZB),Bessemerstraße 80,44793 Bochum,Berufsbildende Schulen,Bildung,"Zentrum für Beratung, Aus-, Fort- und Weiterbildung im Gesundheitswesen,Ausbildung in der Gesundheits- und Krankheitspflege",www.bergmannsheil.de/das-bergmannsheil/schulen-und-bildungszentrum/bildungszentrum-krankenpflegeschule.html,"3","2","167",2009/06/05,2018/09/19,"3","31",Bildung/Berufsschulen/Berufsbildende Schulen,Berufsbildende Schulen allgemein,"1",61201000XEWeiterbildungBerufsschule,,
Bildungszentrum Bergmannsheil (BZB),Bessemerstraße 80,44793 Bochum,Schulen im Gesundheitsbereich,Bildung,"Zentrum für Beratung, Aus-, Fort- und Weiterbildung im Gesundheitswesen,Ausbildung in der Gesundheits- und Krankheitspflege",www.bergmannsheil.de/das-bergmannsheil/schulen-und-bildungszentrum/bildungszentrum-krankenpflegeschule.html,"3","1","167",2009/06/05,2018/09/19,"3","54",Bildung/Berufsschulen/Schulen im Gesundheitsbereich,"Schulen im Bereich des Gesundheitswesens: Krankenpflege-, Logopäden-, Heilpraktiker-, Hebammenschulen etc.","1",61201200XEWeiterbildungFachschule,,
Schule im Kirchviertel,Markstraße 290,44801 Bochum,Grundschulen,Bildung,"Städtische Gemeinschaftsgrundschule mit Kinderhort, offene Ganztagsschule",www.brenscheder-grundschule.de/,"3","1","169",2009/06/05,2020/08/04,"3","8",Bildung/Allgemeinbildende Schulen/Grundschulen,,"1",61101000XESchuleAllgemeinGrundschule,,
"Brüder-Grimm-Schule Städische Förderschule, Förderschwerpunkt Sprache",Drusenbergstraße 33,44789 Bochum,Förderschulen,Bildung,"Städtische Förderschule, Förderschwerpunkt Sprache (Primarstufe)",www.brueder-grimm-schule-bochum.de,"3","1","170",2009/06/05,2020/08/04,"3","7",Bildung/Förderschulen,Förderschulen und Schulen für Lernbehinderte,"1",61101300XESchuleAllgemeinFoerderschule,,
Christopherus-Schule für Seelenpflegebedürftige,Gerther Straße 31,44805 Bochum,Private Förderschulen,Bildung,Private Förderschule eigener Art auf der Grundlage der Waldorfpädagogik. - Förderschwerpunkt Geistige Entwicklung -,www.christopherus-haus.de,"3","1","172",2009/06/05,2020/05/20,"3","204",Bildung/Privatschulen/Private Förderschulen,Private Sonder- und Förderschulen,"1",61101300XESchuleAllgemeinFoerderschule,,
Christopherus-Schule für Seelenpflegebedürftige,Gerther Straße 31,44805 Bochum,Förderschulen,Bildung,Private Förderschule eigener Art auf der Grundlage der Waldorfpädagogik. - Förderschwerpunkt Geistige Entwicklung -,www.christopherus-haus.de,"3","5","172",2009/06/05,2020/05/20,"3","7",Bildung/Förderschulen,Förderschulen und Schulen für Lernbehinderte,"1",61101300XESchuleAllgemeinFoerderschule,,
Christopherus-Schule für Seelenpflegebedürftige,Gerther Straße 31,44805 Bochum,Waldorfschulen,Bildung,Private Förderschule eigener Art auf der Grundlage der Waldorfpädagogik. - Förderschwerpunkt Geistige Entwicklung -,www.christopherus-haus.de,"3","2","172",2009/06/05,2020/05/20,"3","55",Bildung/Privatschulen/Waldorfschulen,,"1",61100000XESchuleAllgemein,,
"Cruismannschule Städtische Förderschule, Förderschwerpunkt Lernen",Cruismannstraße 2,44807 Bochum,Förderschulen,Bildung,"Städtische Förderschule, offene Ganztagsschule",www.cruismann.bobi.net/,"3","1","173",2009/06/05,2020/08/04,"3","7",Bildung/Förderschulen,Förderschulen und Schulen für Lernbehinderte,"1",61101300XESchuleAllgemeinFoerderschule,,
Ottilie-Schoenewald-Weiterbildungskolleg der Stadt Bochum,Wittener Straße 61,44789 Bochum,Weiterbildungseinrichtungen,Bildung,Schulische Weiterbildung für Erwachsene,www.wbk-bo.de/,"3","3","173253",2011/03/30,2020/08/05,"3","254",Bildung/Weiterbildungseinrichtungen,Weiterbildungseinrichtungen und Erwachsenenbildung,"1",61200000XEWeiterbildung,,
Ottilie-Schoenewald-Weiterbildungskolleg der Stadt Bochum,Wittener Straße 61,44789 Bochum,Berufskollegs,Bildung,Schulische Weiterbildung für Erwachsene,www.wbk-bo.de/,"3","1","173253",2011/03/30,2020/08/05,"3","151",Bildung/Berufsschulen/Berufskollegs,,"1",61201000XEWeiterbildungBerufsschule,,
Schulzentrum Gerthe,Heinrichstraße 2,44805 Bochum,Schulzentren,Bildung,,,"3","1","173345",2011/04/06,2017/05/30,"3","173701",Bildung/Allgemeinbildende Schulen/Schulzentren,"Einheiten mehrerer allgemeinbildender Schulen, die als eigenständige Pois modelliert und als Filialen eingebunden werden.","1",61100000XESchuleAllgemein,,
"Walderlebnisschule Bochum, Lernort Natur",Limbeckstraße 83,44894 Bochum,Natur- Wald- Biologieschulen,Bildung,Walderlebnisschule des Vereins Förderkreis Lernort Natur Bochum und Umgebung e.V.,www.walderlebnisschule-bochum.de,"3","1","173949",2011/04/15,2020/04/21,"3","498",Bildung/Spezialschulen/Natur- Wald- Biologieschulen,Natur- Wald- und Biologieschulen,"1",61401100XESchuleSpezialNaturschule,,
Ludwig Fresenius Schulen,Hans-Böckler-Straße 29,44787 Bochum,Schulen im Gesundheitsbereich,Bildung,Berufsschule für Logopädie.,www.ludwig-fresenius.de,"3","1","174",2009/06/05,2020/05/20,"3","54",Bildung/Berufsschulen/Schulen im Gesundheitsbereich,"Schulen im Bereich des Gesundheitswesens: Krankenpflege-, Logopäden-, Heilpraktiker-, Hebammenschulen etc.","1",61201200XEWeiterbildungFachschule,,
Ludwig Fresenius Schulen,Hans-Böckler-Straße 29,44787 Bochum,Berufsbildende Schulen,Bildung,Berufsschule für Logopädie.,www.ludwig-fresenius.de,"3","2","174",2009/06/05,2020/05/20,"3","31",Bildung/Berufsschulen/Berufsbildende Schulen,Berufsbildende Schulen allgemein,"1",61201000XEWeiterbildungBerufsschule,,
Schulzentrum Südwest,Keilstraße 42-48,44879 Bochum,Schulzentren,Bildung,Schulzentrum in Bochum-Linden/Dahlhausen,,"3","1","174222",2011/05/02,2017/06/09,"3","173701",Bildung/Allgemeinbildende Schulen/Schulzentren,"Einheiten mehrerer allgemeinbildender Schulen, die als eigenständige Pois modelliert und als Filialen eingebunden werden.","1",61100000XESchuleAllgemein,,
Olympiastützpunkt Westfalen,Hollandstraße 95,44866 Bochum,Sportschulen,Bildung,"Leichtathletikzentrum, Teilzeitinternat für Leichtathletik",www.osp-westfalen.nrw/team/bochum/,"2","1","174294",2011/05/04,2020/05/07,"3","271",Bildung/Spezialschulen/Sportschulen,,"1",61400000XESchuleSpezial,,
Olympiastützpunkt Westfalen,Hollandstraße 95,44866 Bochum,Internate,Bildung,"Leichtathletikzentrum, Teilzeitinternat für Leichtathletik",www.osp-westfalen.nrw/team/bochum/,"2","2","174294",2011/05/04,2020/05/07,"3","510",Bildung/Internate,,"1",61401990XESchuleSpezialSchuleSonstiges,,
Bezirksmusikschule Bochum-Süd,Kemnader Straße 309,44797 Bochum,Musikschulen,Bildung,Städtische Musikschule. Unter 6-18 Jahren+,www.bochum.de/musikschule,"3","1","174334",2011/05/04,2020/05/20,"3","59",Bildung/Spezialschulen/Musikschulen,,"1",61401050XESchuleSpezialMusikschule,,
Seglerhaus Heveney,Blumenau 7,44801 Bochum,Sportschulen,Bildung,Segel- und Surfschule,www.wassersportschulekemnade.de/,"3","1","174713",2011/05/17,2020/04/21,"3","271",Bildung/Spezialschulen/Sportschulen,,"1",61400000XESchuleSpezial,,
Neues Gymnasium Bochum,Querenburger Straße 45,44789 Bochum,Gymnasien,Bildung,"städtisches Gymnasium, Europaschule in NRW",www.neues-gymnasium-bochum.de,"3","1","174736",2011/05/19,2020/08/05,"3","33",Bildung/Allgemeinbildende Schulen/Gymnasien,,"1",61101200XESchuleAllgemeinGymnasium,,
Veranstaltungszentrum Ruhr-Universität Bochum,Universitätsstraße 150,44801 Bochum,Staatliche Universitäten,Bildung,UNIversaal ist die Veranstaltungsagentur der Ruhr-Universität Bochum,www.ruhr-uni-bochum.de/universaal/raumuebersicht/vz.html.de,"2","3","174888",2011/05/26,2018/09/24,"3","184529",Bildung/Hochschulen/Universitäten/Staatliche Universitäten,Universitäten des Landes NRW,"1",61301000XEWissenschaftHochschule,,
Europäisches Bildungszentrum (EBZ) Akademie für Weiterbildung,Springorumallee 20,44795 Bochum,Weiterbildungseinrichtungen,Bildung,Akademie für Weiterbildung der Wohnungs- und Immobilienwirtschaft. Gemeinnützige Stiftung,www.e-b-z.de,"2","2","174953",2011/05/31,2020/05/20,"3","254",Bildung/Weiterbildungseinrichtungen,Weiterbildungseinrichtungen und Erwachsenenbildung,"1",61200000XEWeiterbildung,,
Europäisches Bildungszentrum (EBZ) Akademie für Weiterbildung,Springorumallee 20,44795 Bochum,Berufsbildende Schulen,Bildung,Akademie für Weiterbildung der Wohnungs- und Immobilienwirtschaft. Gemeinnützige Stiftung,www.e-b-z.de,"2","3","174953",2011/05/31,2020/05/20,"3","31",Bildung/Berufsschulen/Berufsbildende Schulen,Berufsbildende Schulen allgemein,"1",61201000XEWeiterbildungBerufsschule,,
Europäisches Bildungszentrum (EBZ) Akademie für Weiterbildung,Springorumallee 20,44795 Bochum,Berufskollegs,Bildung,Akademie für Weiterbildung der Wohnungs- und Immobilienwirtschaft. Gemeinnützige Stiftung,www.e-b-z.de,"2","1","174953",2011/05/31,2020/05/20,"3","151",Bildung/Berufsschulen/Berufskollegs,,"1",61201000XEWeiterbildungBerufsschule,,
InWIS Forschung & Beratung GmbH,Springorumallee 5,44795 Bochum,Wissenschaft und Forschung,Bildung,Die InWIS GmbH ist ein gemeinnütziges Forschungs- und Wissenstransferinstitut im Europäischen Bildungszentrum der Wohnungs- und Immobilienwirtschaft (EBZ).,www.inwis.de,"2","1","174966",2011/05/31,2018/09/19,"3","299",Bildung/Hochschulen/Wissenschaft und Forschung,,"1",61300000XEWissenschaft,,
Akademie des Handwerks Ruhr GmbH,Springorumallee 10,44795 Bochum,Berufsbildende Schulen,Bildung,Die Akademie des Handwerks Ruhr GmbH bietet im Auftrag und in Kooperation mit der Bundesagentur für Arbeit verschiedene Möglichkeiten der Berufsvorbereitung und Berufsausbildung an.,www.handwerk-ruhr.de/html/ausbildung.html,"2","1","174976",2011/05/31,2018/09/20,"3","31",Bildung/Berufsschulen/Berufsbildende Schulen,Berufsbildende Schulen allgemein,"1",61201000XEWeiterbildungBerufsschule,,
Akademie des Handwerks Ruhr GmbH,Springorumallee 10,44795 Bochum,Weiterbildungseinrichtungen,Bildung,Die Akademie des Handwerks Ruhr GmbH bietet im Auftrag und in Kooperation mit der Bundesagentur für Arbeit verschiedene Möglichkeiten der Berufsvorbereitung und Berufsausbildung an.,www.handwerk-ruhr.de/html/ausbildung.html,"2","2","174976",2011/05/31,2018/09/20,"3","254",Bildung/Weiterbildungseinrichtungen,Weiterbildungseinrichtungen und Erwachsenenbildung,"1",61200000XEWeiterbildung,,
Carolinenschule Bochum (Grundschule),Springorumallee 3,44795 Bochum,Private Ersatzschulen,Bildung,Die Carolinenschule Bochum in freier Trägerschaft der Schul- und Bildungswerkstatt GmbH ist eine staatlich anerkannte Grundschule.,www.carolinenschule.de,"3","1","174981",2011/05/31,2018/09/26,"3","58",Bildung/Privatschulen/Private Ersatzschulen,,"1",61100000XESchuleAllgemein,,
Dietrich-Bonhoeffer-Schule,Ruhrstraße 150,44869 Bochum,Grundschulen,Bildung,"Städtische Gemeinschaftsgrundschule, offene Ganztagsschule",www.dbs-bochum.de,"3","1","175",2009/06/05,2020/08/04,"3","8",Bildung/Allgemeinbildende Schulen/Grundschulen,,"1",61101000XESchuleAllgemeinGrundschule,,
Berufskolleg der Stadt Bochum Technische Berufliche Schule 1 Nebengebäude,Ostring 25,44787 Bochum,Berufsbildende Schulen,Bildung,"Technische Berufs-, Berufsfach-, Höhere Berufsfach-, Fach- und Fachoberschule. (Nebengebäude)",www.tbs1.de,"3","2","175043",2011/06/01,2020/05/20,"3","31",Bildung/Berufsschulen/Berufsbildende Schulen,Berufsbildende Schulen allgemein,"1",61201000XEWeiterbildungBerufsschule,,
Berufskolleg der Stadt Bochum Technische Berufliche Schule 1 Nebengebäude,Ostring 25,44787 Bochum,Berufskollegs,Bildung,"Technische Berufs-, Berufsfach-, Höhere Berufsfach-, Fach- und Fachoberschule. (Nebengebäude)",www.tbs1.de,"3","1","175043",2011/06/01,2020/05/20,"3","151",Bildung/Berufsschulen/Berufskollegs,,"1",61201000XEWeiterbildungBerufsschule,,
"Fachhochschule des Bundes für öffentliche Verwaltung, FB Sozialversicherung",Knappschaftstraße 1,44799 Bochum,Staatliche Fachhochschulen,Bildung,,www.fhbund.de,"2","1","175126",2011/06/07,2020/04/21,"3","184527",Bildung/Hochschulen/Fachhochschulen/Staatliche Fachhochschulen,Fachhochschulen des Landes NRW,"1",61301000XEWissenschaftHochschule,,
"Mansfeld-Schule Städtische Förderschule, Förderschwerpunkt emotionale und soziale Entwicklung",Eislebener Straße 14-16,44892 Bochum,Förderschulen,Bildung,"Städtische Förderschule, Förderschwerpunkt emotionale und soziale Entwicklung. (Sekundarstufe I)",www.mansfeld-schule-bochum.de,"3","1","175168",2011/06/08,2020/08/04,"3","7",Bildung/Förderschulen,Förderschulen und Schulen für Lernbehinderte,"1",61101300XESchuleAllgemeinFoerderschule,,
Schulzentrum Wiemelhausen,Querenburger Straße 35,44789 Bochum,Schulzentren,Bildung,,,"3","1","175193",2011/06/09,2017/06/09,"3","173701",Bildung/Allgemeinbildende Schulen/Schulzentren,"Einheiten mehrerer allgemeinbildender Schulen, die als eigenständige Pois modelliert und als Filialen eingebunden werden.","1",61100000XESchuleAllgemein,,
Walter-Gropius-Berufskolleg - Nebenstelle Langendreer,Hasselbrinkstraße 27,44892 Bochum,Berufsbildende Schulen,Bildung,"Ausbildungsschwerpunkt: Berufsfachschule für Präparationstechnische Assistenten/-innen (Biologie, Geologie, Medizin).",www.wg-bo.de/,"3","2","175211",2011/06/09,2020/08/05,"3","31",Bildung/Berufsschulen/Berufsbildende Schulen,Berufsbildende Schulen allgemein,"1",61201000XEWeiterbildungBerufsschule,,
Walter-Gropius-Berufskolleg - Nebenstelle Langendreer,Hasselbrinkstraße 27,44892 Bochum,Berufskollegs,Bildung,"Ausbildungsschwerpunkt: Berufsfachschule für Präparationstechnische Assistenten/-innen (Biologie, Geologie, Medizin).",www.wg-bo.de/,"3","1","175211",2011/06/09,2020/08/05,"3","151",Bildung/Berufsschulen/Berufskollegs,,"1",61201000XEWeiterbildungBerufsschule,,
"Volkshochschule (VHS) Bochum, Zweigstelle Baarestraße",Baarestraße 33,44793 Bochum,Weiterbildungseinrichtungen,Bildung,"SchulabschlussPLUS, Zweiter Bildungsweg, Erwachsenengerechtes Lernen",www.vhs-bochum.de,"3","6","175410",2011/06/14,2018/10/18,"3","254",Bildung/Weiterbildungseinrichtungen,Weiterbildungseinrichtungen und Erwachsenenbildung,"1",61200000XEWeiterbildung,,
"Volkshochschule (VHS) Bochum, Zweigstelle Baarestraße",Baarestraße 33,44793 Bochum,Volkshochschulen,Bildung,"SchulabschlussPLUS, Zweiter Bildungsweg, Erwachsenengerechtes Lernen",www.vhs-bochum.de,"3","1","175410",2011/06/14,2018/10/18,"3","60",Bildung/Volkshochschulen,,"1",61201300XEWeiterbildungVolkshochschule,,
SAE-INSTITUTE Bochum,Springerplatz 1,44793 Bochum,Private Fachhochschulen,Bildung,"Ausbildungsstätte für Toningenieuren, Web-Developern, Cross-Media-Journalisten, Game-Artists, Game Programmern und Filmschaffenden",bochum.sae.edu/de/home/,"2","1","175486",2011/06/17,2019/06/07,"3","184528",Bildung/Hochschulen/Fachhochschulen/Private Fachhochschulen,Fachhochschulen privater Träger,"1",61301000XEWissenschaftHochschule,,
DRK-Familienbildungswerk,Hauptstraße 312,44892 Bochum,Weiterbildungseinrichtungen,Bildung,Das DRK-Familienbildungswerk Bochum ist eine staatlich anerkannte Familienbildungsstätte.,www.drk-bochum.de/startseite.html,"3","4","175572",2011/06/20,2019/06/07,"3","254",Bildung/Weiterbildungseinrichtungen,Weiterbildungseinrichtungen und Erwachsenenbildung,"1",61200000XEWeiterbildung,,
Krisenhilfe e.V. Bochum,Hiltroper Straße 258,44805 Bochum,Weiterbildungseinrichtungen,Bildung,INSAT Beschäftigungsprojekt zur Qualifizierung und beruflichen Integration suchtkranker Menschen.,www.krisenhilfe-bochum.de,"3","2","175616",2011/06/28,2019/01/30,"3","254",Bildung/Weiterbildungseinrichtungen,Weiterbildungseinrichtungen und Erwachsenenbildung,"1",61200000XEWeiterbildung,,
Verein für Integrative Arbeit e.V. (ViA Bochum),Harpener Feld 14,44805 Bochum,Weiterbildungseinrichtungen,Bildung,"Beschäftigungsförderung, individuelle Jugendhilfe, Täter-Opfer-Ausgleich, betreute Wohngemeinschaften.",www.via-bochum.de/,"3","2","175666",2011/06/29,2020/01/20,"3","254",Bildung/Weiterbildungseinrichtungen,Weiterbildungseinrichtungen und Erwachsenenbildung,"1",61200000XEWeiterbildung,,
Katholisches Forum - Bildungswerk,Am Bergbaumuseum 37,44791 Bochum,Weiterbildungseinrichtungen,Bildung,Das katholische Forum organisiert Bildungsveranstaltungen zentral und in den Kirchengemeinden im gesamten Stadtgebiet.,www.kefb-bistum-essen.de,"3","1","175750",2011/07/01,2019/02/04,"3","254",Bildung/Weiterbildungseinrichtungen,Weiterbildungseinrichtungen und Erwachsenenbildung,"1",61200000XEWeiterbildung,,
"Verwaltungs- und Wirtschafts-Akademie Bochum (VWA), gemeinnützige GmbH",Universitätsstraße 142,44799 Bochum,Private Fachhochschulen,Bildung,,www.vwa-gruppe.de/studienzentren/bochum.html,"3","1","175791",2011/07/01,2018/09/18,"3","184528",Bildung/Hochschulen/Fachhochschulen/Private Fachhochschulen,Fachhochschulen privater Träger,"1",61301000XEWissenschaftHochschule,,
"Verwaltungs- und Wirtschafts-Akademie Bochum (VWA), gemeinnützige GmbH",Universitätsstraße 142,44799 Bochum,Weiterbildungseinrichtungen,Bildung,,www.vwa-gruppe.de/studienzentren/bochum.html,"3","6","175791",2011/07/01,2018/09/18,"3","254",Bildung/Weiterbildungseinrichtungen,Weiterbildungseinrichtungen und Erwachsenenbildung,"1",61200000XEWeiterbildung,,
Don-Bosco-Schule,Friederikastraße 21,44789 Bochum,Grundschulen,Bildung,"städtische Katholische Grundschule, offene Ganztagsschule",www.don-bosco-bochum.de,"3","1","176",2009/06/05,2020/08/04,"3","8",Bildung/Allgemeinbildende Schulen/Grundschulen,,"1",61101000XESchuleAllgemeinGrundschule,,
DRK -Fachseminar für Altenpflege,An der Holtbrügge 8,44795 Bochum,Altenpflegeschulen,Bildung,,drk-bochum.de/angebote/kurse-im-ueberblick/fachseminar-fuer-altenpflege.html,"3","1","176016",2011/07/08,2019/06/07,"3","23681",Bildung/Berufsschulen/Altenpflegeschulen,Altenpflegeschulen,"1",61201200XEWeiterbildungFachschule,,
DRK -Fachseminar für Altenpflege,An der Holtbrügge 8,44795 Bochum,Weiterbildungseinrichtungen,Bildung,,drk-bochum.de/angebote/kurse-im-ueberblick/fachseminar-fuer-altenpflege.html,"3","2","176016",2011/07/08,2019/06/07,"3","254",Bildung/Weiterbildungseinrichtungen,Weiterbildungseinrichtungen und Erwachsenenbildung,"1",61200000XEWeiterbildung,,
DRK -Fachseminar für Altenpflege,An der Holtbrügge 8,44795 Bochum,Schulen im sozialen Bereich,Bildung,,drk-bochum.de/angebote/kurse-im-ueberblick/fachseminar-fuer-altenpflege.html,"3","4","176016",2011/07/08,2019/06/07,"3","57",Bildung/Berufsschulen/Schulen im sozialen Bereich,,"1",61201200XEWeiterbildungFachschule,,
Drusenbergschule,Drusenbergstraße 33,44789 Bochum,Grundschulen,Bildung,"Städtische Gemeinschaftsgrundschule, offene Ganztagschule",www.drusenbergschule.de/,"3","1","177",2009/06/05,2020/08/04,"3","8",Bildung/Allgemeinbildende Schulen/Grundschulen,,"1",61101000XESchuleAllgemeinGrundschule,,
Erich Kästner-Schule,Markstraße 189,44799 Bochum,Gesamtschulen,Bildung,Städtische Gesamtschule,www.eks-bochum.org,"3","1","178",2009/06/05,2020/08/05,"3","32",Bildung/Allgemeinbildende Schulen/Gesamtschulen,,"1",61101250XESchuleAllgemeinGesamtschule,,
Evangelische Hochschule Rheinland-Westfalen-Lippe,Immanuel-Kant-Straße 18-20,44803 Bochum,Weiterbildungseinrichtungen,Bildung,"Fachbereiche:Soziale Arbeit,Bildung und Diakonie, Heilpädagogik und Pflege.",www.evh-bochum.de,"2","8","179",2009/06/05,2020/05/20,"3","254",Bildung/Weiterbildungseinrichtungen,Weiterbildungseinrichtungen und Erwachsenenbildung,"1",61200000XEWeiterbildung,,
Evangelische Hochschule Rheinland-Westfalen-Lippe,Immanuel-Kant-Straße 18-20,44803 Bochum,Private Fachhochschulen,Bildung,"Fachbereiche:Soziale Arbeit,Bildung und Diakonie, Heilpädagogik und Pflege.",www.evh-bochum.de,"2","1","179",2009/06/05,2020/05/20,"3","184528",Bildung/Hochschulen/Fachhochschulen/Private Fachhochschulen,Fachhochschulen privater Träger,"1",61301000XEWissenschaftHochschule,,
Hochschule Bochum,Lennershofstraße 140,44801 Bochum,Weiterbildungseinrichtungen,Bildung,"Fachbereiche: Architektur, Bauingenieurwesen, Elektrotechnik und Informatik, Mechatronik und Maschinenbau,Geodäsie, Wirtschaft",www.hochschule-bochum.de,"2","7","180",2009/06/05,2019/06/07,"3","254",Bildung/Weiterbildungseinrichtungen,Weiterbildungseinrichtungen und Erwachsenenbildung,"1",61200000XEWeiterbildung,,
Hochschule Bochum,Lennershofstraße 140,44801 Bochum,Staatliche Fachhochschulen,Bildung,"Fachbereiche: Architektur, Bauingenieurwesen, Elektrotechnik und Informatik, Mechatronik und Maschinenbau,Geodäsie, Wirtschaft",www.hochschule-bochum.de,"2","1","180",2009/06/05,2019/06/07,"3","184527",Bildung/Hochschulen/Fachhochschulen/Staatliche Fachhochschulen,Fachhochschulen des Landes NRW,"1",61301000XEWissenschaftHochschule,,
Fachseminar für Altenpflege der Augusta-Akademie,Dr.-C.-Otto-Straße 27,44879 Bochum,Weiterbildungseinrichtungen,Bildung,Staatlich anerkanntes Fachseminar für Altenpflege,www.johanneswerk.de,"3","2","181",2009/06/05,2019/06/07,"3","254",Bildung/Weiterbildungseinrichtungen,Weiterbildungseinrichtungen und Erwachsenenbildung,"1",61200000XEWeiterbildung,,
Fachseminar für Altenpflege der Augusta-Akademie,Dr.-C.-Otto-Straße 27,44879 Bochum,Schulen im sozialen Bereich,Bildung,Staatlich anerkanntes Fachseminar für Altenpflege,www.johanneswerk.de,"3","3","181",2009/06/05,2019/06/07,"3","57",Bildung/Berufsschulen/Schulen im sozialen Bereich,,"1",61201200XEWeiterbildungFachschule,,
Fachseminar für Altenpflege der Augusta-Akademie,Dr.-C.-Otto-Straße 27,44879 Bochum,Altenpflegeschulen,Bildung,Staatlich anerkanntes Fachseminar für Altenpflege,www.johanneswerk.de,"3","1","181",2009/06/05,2019/06/07,"3","23681",Bildung/Berufsschulen/Altenpflegeschulen,Altenpflegeschulen,"1",61201200XEWeiterbildungFachschule,,
Bezirksmusikschule Bochum-Nord,Agnesstraße 33,44791 Bochum,Musikschulen,Bildung,Städt. Musikschule in den Räumen der Heinrich-Böll-Gesamtschule,www.bochum.de/musikschule,"3","1","182786",2011/10/06,2018/10/18,"3","59",Bildung/Spezialschulen/Musikschulen,,"1",61401050XESchuleSpezialMusikschule,,
Bezirksmusikschule Bochum-Gerthe,Heinrichstraße 2-4,44805 Bochum,Musikschulen,Bildung,"Städtische Musikschule, Standort in der Anne-Frank-Realschule. 6-18 Jahren+",www.bochum.de/musikschule,"3","1","182792",2011/10/06,2020/05/20,"3","59",Bildung/Spezialschulen/Musikschulen,,"1",61401050XESchuleSpezialMusikschule,,
Bezirksmusikschule Bochum-Ost,Unterstraße 66,44892 Bochum,Musikschulen,Bildung,"Städtische Musikschule, Standort neben Jakob-Muth-Schule",www.bochum.de/musikschule,"3","1","182798",2011/10/06,2018/10/24,"3","59",Bildung/Spezialschulen/Musikschulen,,"1",61401050XESchuleSpezialMusikschule,,
Bezirksmusikschule Bochum-Querenburg Standort 1,Hufelandstraße 17,44801 Bochum,Musikschulen,Bildung,"Städtische Musikschule, Standort Hufelandschule. Unter 6-18 Jahren+",www.bochum.de/musikschule,"3","1","182813",2011/10/06,2020/05/20,"3","59",Bildung/Spezialschulen/Musikschulen,,"1",61401050XESchuleSpezialMusikschule,,
Bezirksmusikschule Bochum-Querenburg Standort 2,Hustadtring 144,44801 Bochum,Musikschulen,Bildung,"Städtische Musikschule, Standort Waldschule. Unter 6-18 Jahren+",www.musikschule-bochum.de/die-musikschule/,"3","1","182819",2011/10/06,2020/05/20,"3","59",Bildung/Spezialschulen/Musikschulen,,"1",61401050XESchuleSpezialMusikschule,,
Fachseminar für Altenpflege des Caritasverbandes für Bochum e.V.,Ostermannstraße 32,44789 Bochum,Schulen im sozialen Bereich,Bildung,,www.caritas-bochum.de/73451.html,"3","4","183",2009/06/05,2018/12/05,"3","57",Bildung/Berufsschulen/Schulen im sozialen Bereich,,"1",61201200XEWeiterbildungFachschule,,
Fachseminar für Altenpflege des Caritasverbandes für Bochum e.V.,Ostermannstraße 32,44789 Bochum,Weiterbildungseinrichtungen,Bildung,,www.caritas-bochum.de/73451.html,"3","3","183",2009/06/05,2018/12/05,"3","254",Bildung/Weiterbildungseinrichtungen,Weiterbildungseinrichtungen und Erwachsenenbildung,"1",61200000XEWeiterbildung,,
Fachseminar für Altenpflege des Caritasverbandes für Bochum e.V.,Ostermannstraße 32,44789 Bochum,Altenpflegeschulen,Bildung,,www.caritas-bochum.de/73451.html,"3","1","183",2009/06/05,2018/12/05,"3","23681",Bildung/Berufsschulen/Altenpflegeschulen,Altenpflegeschulen,"1",61201200XEWeiterbildungFachschule,,
Schulverbund Feldsieper Schule Teilstandort,Fahrendeller Straße 27,44787 Bochum,Grundschulen,Bildung,"Städtische Gemeinschaftsgrundschule, Offene Ganztagsschule",www.schulverbund-feldsieper-schule.de/,"3","1","185",2009/06/05,2020/08/04,"3","8",Bildung/Allgemeinbildende Schulen/Grundschulen,,"1",61101000XESchuleAllgemeinGrundschule,,
Schulverbund Feldsieper Schule,Feldsieper Straße 94,44809 Bochum,Grundschulen,Bildung,"Städtische Gemeinschaftsgrundschule, offene Ganztagsschule",www.feldsieper.bobi.net,"3","1","186",2009/06/05,2020/08/05,"3","8",Bildung/Allgemeinbildende Schulen/Grundschulen,,"1",61101000XESchuleAllgemeinGrundschule,,
Frauenlobschule,Frauenlobstraße 91,44805 Bochum,Grundschulen,Bildung,"Städtische Gemeinschaftsgrundschule, offene Ganztagsschule",www.frauenlob.bobi.net,"3","1","189",2009/06/05,2020/08/04,"3","8",Bildung/Allgemeinbildende Schulen/Grundschulen,,"1",61101000XESchuleAllgemeinGrundschule,,
Freie Schule Bochum e.V.,Wiemelhauser Straße 270,44799 Bochum,Private Ersatzschulen,Bildung,Private Schule mit besonderer Prägung-. Primar und Sekundarstufe I (Gesamtschule).,www.freieschule-bochum.de,"3","1","190",2009/06/05,2020/05/20,"3","58",Bildung/Privatschulen/Private Ersatzschulen,,"1",61100000XESchuleAllgemein,,
Friederika-Schule,Friederikastraße 19,44789 Bochum,Grundschulen,Bildung,"städtische Gemeinschaftsgrundschule, offene Ganztagsschule",www.friederika-schule.de,"3","1","191",2009/06/05,2020/08/04,"3","8",Bildung/Allgemeinbildende Schulen/Grundschulen,,"1",61101000XESchuleAllgemeinGrundschule,,
Evangelische Erwachsenenbildung,Westring 26a,44787 Bochum,Weiterbildungseinrichtungen,Bildung,,www.eb-bochum.de,"3","1","191040",2012/02/24,2018/09/24,"3","254",Bildung/Weiterbildungseinrichtungen,Weiterbildungseinrichtungen und Erwachsenenbildung,"1",61200000XEWeiterbildung,,
Schule An der Maarbrücke,An der Maarbrücke 75,44793 Bochum,Grundschulen,Bildung,"Städtische Gemeinschaftsgrundschule, offene Ganztagsschule",www.grundschule-maarbruecke.de/,"3","1","193",2009/06/05,2020/08/04,"3","8",Bildung/Allgemeinbildende Schulen/Grundschulen,,"1",61101000XESchuleAllgemeinGrundschule,,
Arnoldschule,Arnoldstraße 31,44793 Bochum,Grundschulen,Bildung,"Städtische Gemeinschaftsgrundschule, offene Ganztagsschule",www.arnoldschule.bobi.net,"3","1","194",2009/06/05,2020/08/04,"3","8",Bildung/Allgemeinbildende Schulen/Grundschulen,,"1",61101000XESchuleAllgemeinGrundschule,,
Schulverbund Lina-Morgenstern-Schule,Bonhoefferstraße 50,44803 Bochum,Grundschulen,Bildung,"Städtische Gemeinschaftsgrundschule, offene Ganztagsschule",www.lina-morgenstern-schule.de,"3","1","195",2009/06/05,2020/08/04,"3","8",Bildung/Allgemeinbildende Schulen/Grundschulen,,"1",61101000XESchuleAllgemeinGrundschule,,
Schule im Kirchviertel Teilstandort,Borgholzstraße 27,44799 Bochum,Grundschulen,Bildung,"Städtische Gemeinschaftsgrundschule, offene Ganztagsschule",www.brenscheder-grundschule.de/,"3","1","196",2009/06/05,2020/08/04,"3","8",Bildung/Allgemeinbildende Schulen/Grundschulen,,"1",61101000XESchuleAllgemeinGrundschule,,
Bunte Schule Teilstandort,Hörder Straße 116,44892 Bochum,Grundschulen,Bildung,"Städtische Gemeinschaftsgrundschule, offene Ganztagsschule",www.bunte-schule.bobi.net/,"3","1","197",2009/06/05,2020/08/04,"3","8",Bildung/Allgemeinbildende Schulen/Grundschulen,,"1",61101000XESchuleAllgemeinGrundschule,,
Schulverbund Lina-Morgenstern-Schule Teilstandort,Havelstraße 12,44791 Bochum,Grundschulen,Bildung,"Gemeinschaftsgrundschule mit Kindertagesstätte, offene Ganztagsschule",www.lina-morgenstern-schule.de,"3","1","198",2009/06/05,2020/08/04,"3","8",Bildung/Allgemeinbildende Schulen/Grundschulen,,"1",61101000XESchuleAllgemeinGrundschule,,
"RUB, Fakultät für Sportwissenschaft",Gesundheitscampus-Nord 10,44801 Bochum,Staatliche Universitäten,Bildung,Bachelor/Master-Studiengänge der Sportwissenschaft.,www.spowiss.rub.de,"3","1","200807",2012/06/14,2020/04/21,"3","184529",Bildung/Hochschulen/Universitäten/Staatliche Universitäten,Universitäten des Landes NRW,"1",61301000XEWissenschaftHochschule,,
IFK Kompetenzzentrum der Gesundheitsberufe,Gesundheitscampus-Süd 33,44801 Bochum,Weiterbildungseinrichtungen,Bildung,Geschäftsstelle und Fortbildungseinrichtung des Bundesverbandes selbständiger Physiotherapeuten (IFK),www.ifk.de/,"2","2","200810",2012/06/14,2018/10/15,"3","254",Bildung/Weiterbildungseinrichtungen,Weiterbildungseinrichtungen und Erwachsenenbildung,"1",61200000XEWeiterbildung,,
IFK Kompetenzzentrum der Gesundheitsberufe,Gesundheitscampus-Süd 33,44801 Bochum,Schulen im Gesundheitsbereich,Bildung,Geschäftsstelle und Fortbildungseinrichtung des Bundesverbandes selbständiger Physiotherapeuten (IFK),www.ifk.de/,"2","1","200810",2012/06/14,2018/10/15,"3","54",Bildung/Berufsschulen/Schulen im Gesundheitsbereich,"Schulen im Bereich des Gesundheitswesens: Krankenpflege-, Logopäden-, Heilpraktiker-, Hebammenschulen etc.","1",61201200XEWeiterbildungFachschule,,
Landeszentrum Gesundheit Nordrhein-Westfalen (LZG.NRW),Gesundheitscampus-Süd 9,44801 Bochum,Wissenschaft und Forschung,Bildung,,www.lzg.nrw.de,"2","2","200816",2012/06/14,2018/09/17,"3","299",Bildung/Hochschulen/Wissenschaft und Forschung,,"1",61300000XEWissenschaft,,
Gesundheitscampus NRW,Gesundheitscampus,44801 Bochum,Wissenschaft und Forschung,Bildung,,www.gc-bo.de/de/,"2","1","200819",2012/06/14,2018/09/24,"3","299",Bildung/Hochschulen/Wissenschaft und Forschung,,"1",61300000XEWissenschaft,,
ev. Schulreferat Bochum,Westring 26a,44787 Bochum,Weiterbildungseinrichtungen,Bildung,"Das Schulreferat bietet Fortbildungen, Exkursionen und schulinterne Fortbildungen im Bereich der Religionspädagogik.",www.kirchenkreis-bochum.de/einrichtungen/schulreferat.html,"3","1","200960",2012/06/19,2018/09/27,"3","254",Bildung/Weiterbildungseinrichtungen,Weiterbildungseinrichtungen und Erwachsenenbildung,"1",61200000XEWeiterbildung,,
Schulverbund Michael-Ende-Schule,Oberstraße 65,44892 Bochum,Grundschulen,Bildung,"Städtische Gemeinschaftsgrundschule, offene Ganztagsschule",www.michael-ende-schule-bochum.de/,"3","1","201",2009/06/05,2020/08/04,"3","8",Bildung/Allgemeinbildende Schulen/Grundschulen,,"1",61101000XESchuleAllgemeinGrundschule,,
Schulverbund Michael-Ende-Schule Teilstandort,Somborner Straße 22,44894 Bochum,Grundschulen,Bildung,"Städtische Gemeinschaftsgrundschule, offene Ganztagsschule",www.michael-ende-schule-bochum.de/,"3","1","202",2009/06/05,2020/08/04,"3","8",Bildung/Allgemeinbildende Schulen/Grundschulen,,"1",61101000XESchuleAllgemeinGrundschule,,
Web-Individualschule GmbH,Wittener Straße 2,44789 Bochum,Weiterbildungseinrichtungen,Bildung,Unterricht per Computer und Videotelefon (Skype).,www.web-individualschule.de,"1","6","202963",2012/09/12,2018/09/19,"3","254",Bildung/Weiterbildungseinrichtungen,Weiterbildungseinrichtungen und Erwachsenenbildung,"1",61200000XEWeiterbildung,,
Web-Individualschule GmbH,Wittener Straße 2,44789 Bochum,Private Ersatzschulen,Bildung,Unterricht per Computer und Videotelefon (Skype).,www.web-individualschule.de,"1","3","202963",2012/09/12,2018/09/19,"3","58",Bildung/Privatschulen/Private Ersatzschulen,,"1",61100000XESchuleAllgemein,,
Von-Waldthausen-Schule,Von-Waldthausen-Straße 82,44894 Bochum,Grundschulen,Bildung,"Städtische Gemeinschaftsgrundschule, offene Ganztagsschule",www.von-waldthausen-schule.bobi.net/,"3","1","204",2009/06/05,2020/08/04,"3","8",Bildung/Allgemeinbildende Schulen/Grundschulen,,"1",61101000XESchuleAllgemeinGrundschule,,
Nelson-Mandela-Schule,Stiftstraße 25,44892 Bochum,Sekundarschulen,Bildung,Ganztagsschule,www.sekundarschule-bochum-ost.de,"3","1","205165",2012/10/19,2020/08/04,"3","191721",Bildung/Allgemeinbildende Schulen/Sekundarschulen,Sekundarschulen,"1",61101100XESchuleAllgemeinHauptRealschule,,
Grundschule Westenfeld,Westenfelder Straße 107,44867 Bochum,Grundschulen,Bildung,"Städtische Gemeinschaftsgrundschule, offene Ganztagsschule",www.ggs-westenfeld.de,"3","1","206",2009/06/05,2020/08/04,"3","8",Bildung/Allgemeinbildende Schulen/Grundschulen,,"1",61101000XESchuleAllgemeinGrundschule,,
Bunte Schule,Am Neggenborn 75,44892 Bochum,Grundschulen,Bildung,"städtische Gemeinschaftsgrundschule, offene Ganztagsschule",www.bunte-schule.bobi.net/,"3","1","207",2009/06/05,2020/08/04,"3","8",Bildung/Allgemeinbildende Schulen/Grundschulen,,"1",61101000XESchuleAllgemeinGrundschule,,
Schule Auf dem Alten Kamp,Auf dem Alten Kamp 35-37,44803 Bochum,Grundschulen,Bildung,"Städtische Gemeinschaftsgrundschule, offene Ganztagsschule",www.ggs-alten-kamp.bobi.net/,"3","1","208",2009/06/05,2020/08/04,"3","8",Bildung/Allgemeinbildende Schulen/Grundschulen,,"1",61101000XESchuleAllgemeinGrundschule,,
Emil-von-Behring-Schule,Rastenburger Straße 11,44809 Bochum,Grundschulen,Bildung,"Städtische Gemeinschaftsgrundschule, offene Ganztagsschule",www.emil-von-behring-schule.de/,"3","1","211",2009/06/05,2020/08/04,"3","8",Bildung/Allgemeinbildende Schulen/Grundschulen,,"1",61101000XESchuleAllgemeinGrundschule,,
Gertrudisschule,Vorstadtstraße 14,44866 Bochum,Grundschulen,Bildung,"Städtische Gemeinschaftsgrundschule, offene Ganztagsschule",www.gertrudisschule-bochum.de,"3","1","212",2009/06/05,2020/08/04,"3","8",Bildung/Allgemeinbildende Schulen/Grundschulen,,"1",61101000XESchuleAllgemeinGrundschule,,
Goethe-Schule,Goetheplatz 1,44791 Bochum,Gymnasien,Bildung,"Städtisches Gymnasium, Pädagogische Übermittagbetreuung",www.goethe-schule.de,"3","1","213",2009/06/05,2020/08/04,"3","33",Bildung/Allgemeinbildende Schulen/Gymnasien,,"1",61101200XESchuleAllgemeinGymnasium,,
Graf-Engelbert-Schule,Königsallee 77-79,44789 Bochum,Gymnasien,Bildung,"Städtisches Gymnasium, Pädagogische Übermittagsbetreuung",www.ges-bochum.de,"3","1","215",2009/06/05,2020/08/04,"3","33",Bildung/Allgemeinbildende Schulen/Gymnasien,,"1",61101200XESchuleAllgemeinGymnasium,,
Grundschule Dahlhausen,Dr.-C.-Otto-Straße 112-114,44879 Bochum,Grundschulen,Bildung,"Städtische Gemeinschaftsgrundschule, offene Ganztagsschule",www.ggs-dahlhausen.de/,"3","1","216",2009/06/05,2020/08/04,"3","8",Bildung/Allgemeinbildende Schulen/Grundschulen,,"1",61101000XESchuleAllgemeinGrundschule,,
Grundschule Günnigfeld,Marktstraße 21,44866 Bochum,Grundschulen,Bildung,"Städtische Gemeinschaftsgrundschule, offene Ganztagsschule",www.ggs-guennigfeld.de/index.php?id=7,"3","1","218",2009/06/05,2020/08/04,"3","8",Bildung/Allgemeinbildende Schulen/Grundschulen,,"1",61101000XESchuleAllgemeinGrundschule,,
Emil-von-Behring-Schule Teilstandort,Hordeler Heide 169e,44793 Bochum,Grundschulen,Bildung,"Städtische Gemeinschaftsgrundschule, offene Ganztagsschule",www.emil-von-behring-schule.de/,"3","1","219",2009/06/05,2020/08/04,"3","8",Bildung/Allgemeinbildende Schulen/Grundschulen,,"1",61101000XESchuleAllgemeinGrundschule,,
Grundschule In der Vöde,Castroper Straße 235,44791 Bochum,Grundschulen,Bildung,"Städtische Gemeinschaftsgrundschule, offene Ganztagsschule",,"3","1","220",2009/06/05,2020/08/04,"3","8",Bildung/Allgemeinbildende Schulen/Grundschulen,,"1",61101000XESchuleAllgemeinGrundschule,,
Grundschule Laer,Alte Wittener Straße 19,44803 Bochum,Grundschulen,Bildung,"Städtische Gemeinschaftsgrundschule, offene Ganztagsschule",www.ggs-laer.de/,"3","1","221",2009/06/05,2020/08/04,"3","8",Bildung/Allgemeinbildende Schulen/Grundschulen,,"1",61101000XESchuleAllgemeinGrundschule,,
Grundschule Linden,Donnerbecke 3,44879 Bochum,Grundschulen,Bildung,"Städtische Gemeinschaftsgrundschule, offene Ganztagsschule",www.grundschulelinden.de,"3","1","222",2009/06/05,2020/08/04,"3","8",Bildung/Allgemeinbildende Schulen/Grundschulen,,"1",61101000XESchuleAllgemeinGrundschule,,
Regenbogenschule,Preins Feld 3,44869 Bochum,Grundschulen,Bildung,"Städtische Gemeinschaftsgrundschule, offene Ganztagsschule",www.ggs-regenbogen.bobi.net/,"3","1","223",2009/06/05,2020/08/04,"3","8",Bildung/Allgemeinbildende Schulen/Grundschulen,,"1",61101000XESchuleAllgemeinGrundschule,,
Volkshochschule (VHS) Bochum-Wattenscheid,Alter Markt 1,44866 Bochum,Volkshochschulen,Bildung,,www.vhs-bochum.de,"3","1","223016",2013/01/31,2018/09/28,"3","60",Bildung/Volkshochschulen,,"1",61201300XEWeiterbildungVolkshochschule,,
Volkshochschule (VHS) Bochum-Wattenscheid,Alter Markt 1,44866 Bochum,Weiterbildungseinrichtungen,Bildung,,www.vhs-bochum.de,"3","2","223016",2013/01/31,2018/09/28,"3","254",Bildung/Weiterbildungseinrichtungen,Weiterbildungseinrichtungen und Erwachsenenbildung,"1",61200000XEWeiterbildung,,
"Paul-Dohrmann-Schule Städtische Förderschule, Förderschwerpunkt Emotionale und soziale Entwicklung Teilstandort",Hiltroper Straße 53,44807 Bochum,Förderschulen,Bildung,"städtische Förderschule, Förderschwerpunkt Emotionale und soziale Entwicklung.",www.sfe.bobi.net,"3","1","224",2009/06/05,2020/08/04,"3","7",Bildung/Förderschulen,Förderschulen und Schulen für Lernbehinderte,"1",61101300XESchuleAllgemeinFoerderschule,,
Schule am Volkspark,Alte Bahnhofstraße 170,44892 Bochum,Grundschulen,Bildung,"Städtische Gemeinschaftsgrundschule, offene Ganztagsschule",www.ogs-am-volkspark.bobi.net/,"3","1","225",2009/06/05,2020/08/04,"3","8",Bildung/Allgemeinbildende Schulen/Grundschulen,,"1",61101000XESchuleAllgemeinGrundschule,,
Gräfin-Imma-Schule,Kemnader Straße 218,44797 Bochum,Grundschulen,Bildung,"Städtische Gemeinschaftsgrundschule, offene Ganztagsschule",www.graefin-imma-schule.de,"3","1","226",2009/06/05,2020/08/04,"3","8",Bildung/Allgemeinbildende Schulen/Grundschulen,,"1",61101000XESchuleAllgemeinGrundschule,,
Hans-Böckler-Schule,Querenburger Straße 35,44789 Bochum,Realschulen,Bildung,"Städtische Realschule, pädagogische Übermittagsbetreuung",www.hansibo.de,"3","1","229",2009/06/05,2020/08/04,"3","10",Bildung/Allgemeinbildende Schulen/Realschulen,,"1",61101150XESchuleAllgemeinRealschule,,
Schulverbund Hans-Christian-Andersen-Schule,Heinrichstraße 40,44805 Bochum,Grundschulen,Bildung,"Städtische Gemeinschaftsgrundschule, offene Ganztagsschule",www.hca-bochum.de/,"3","1","230",2009/06/05,2020/08/04,"3","8",Bildung/Allgemeinbildende Schulen/Grundschulen,,"1",61101000XESchuleAllgemeinGrundschule,,
"Hasselbrink-Schule, LWL-Förderschule",Hauptstraße 153,44892 Bochum,Förderschulen,Bildung,LWL-Förderschule mit dem Förderschwerpunkt Sprache. Sekundarstufe I,www.hasselbrink-schule.de,"3","1","231",2009/06/05,2020/05/20,"3","7",Bildung/Förderschulen,Förderschulen und Schulen für Lernbehinderte,"1",61101300XESchuleAllgemeinFoerderschule,,
Lieselotte Rauner-Schule,Voedestraße 46-48,44866 Bochum,Hauptschulen,Bildung,"Städtische Gemeinschaftshauptschule, Ganztagshauptschule",www.liras.bobi.net/,"3","1","234",2009/06/05,2020/08/04,"3","9",Bildung/Allgemeinbildende Schulen/Hauptschulen,,"1",61101050XESchuleAllgemeinHauptschule,,
BIGEST Hebammenschule,Günnigfelder Straße 176,44793 Bochum,Schulen im Gesundheitsbereich,Bildung,"Bildungsinstitut für Berufe im Gesundheitswesen der ST. Elisabeth - Stiftung Bochum (BIGEST),",bigest.klinikum-bochum.de/hebammenschule.html,"2","1","236",2009/06/05,2020/05/20,"3","54",Bildung/Berufsschulen/Schulen im Gesundheitsbereich,"Schulen im Bereich des Gesundheitswesens: Krankenpflege-, Logopäden-, Heilpraktiker-, Hebammenschulen etc.","1",61201200XEWeiterbildungFachschule,,
Heinrich-Böll-Gesamtschule,Agnesstraße 33,44791 Bochum,Gesamtschulen,Bildung,Städtische Gesamtschule,www.hbg-bo.de/,"3","1","237",2009/06/05,2020/08/05,"3","32",Bildung/Allgemeinbildende Schulen/Gesamtschulen,,"1",61101250XESchuleAllgemeinGesamtschule,,
Heinrich-von-Kleist-Schule,Heinrichstraße 2,44805 Bochum,Gymnasien,Bildung,"Städtisches Gymnasium, im Schulzentrum Gerthe,",www.hvkbochum.de,"3","1","239",2009/06/05,2020/08/04,"3","33",Bildung/Allgemeinbildende Schulen/Gymnasien,,"1",61101200XESchuleAllgemeinGymnasium,,
Uni-City-Gebäude Blue Square,Kortumstraße 90,44787 Bochum,Staatliche Universitäten,Bildung,"neuer RUB-Standort seit 2013, Hier befinden sich die Räume mit den Bezeichnungen BS 2/1, BS 3/2, BS 4/3.",www.ruhr-uni-bochum.de,"2","2","239945",2013/10/10,2019/09/10,"3","184529",Bildung/Hochschulen/Universitäten/Staatliche Universitäten,Universitäten des Landes NRW,"1",61301000XEWissenschaftHochschule,,
Gesamtschule Bochum-Mitte,Feldsieper Straße 94,44809 Bochum,Sekundarschulen,Bildung,Sekundarstufe I,www.gebomi.de,"3","1","240",2009/06/05,2020/08/05,"3","191721",Bildung/Allgemeinbildende Schulen/Sekundarschulen,Sekundarschulen,"1",61101100XESchuleAllgemeinHauptRealschule,,
Hellweg-Schule,Lohackerstraße 13,44867 Bochum,Gymnasien,Bildung,"Städtisches Gymnasium, Pädagogische Übermittagbetreuungund Ganztagsgruppen für Klassen 5+",www.hellweg-schule.de,"3","1","241",2009/06/05,2020/08/05,"3","33",Bildung/Allgemeinbildende Schulen/Gymnasien,,"1",61101200XESchuleAllgemeinGymnasium,,
"Gesamtschule Bochum Mitte,Teilstandort",Gahlensche Straße 204b,44809 Bochum,Sekundarschulen,Bildung,"Sekundarstufe I, Jahrgangsstufe 5 bis 6, Ganztagsschule.",www.gebomi.de,"3","1","242",2009/06/05,2020/08/05,"3","191721",Bildung/Allgemeinbildende Schulen/Sekundarschulen,Sekundarschulen,"1",61101100XESchuleAllgemeinHauptRealschule,,
Urbanatix Open Space Trainingsräume,Bessemerstraße 85,44793 Bochum,Kunstschulen,Bildung,Trainingsanlage für Artistik und Straßenkunst..,www.facebook.com/UrbanatixOpenSpace/info?tab=page_info,"1","1","242627",2014/04/02,2020/05/20,"3","343",Bildung/Spezialschulen/Kunstschulen,,"1",61401000XESchuleSpezialKunstschule,,
"Hilda-Heinemann-Schule Städtische Förderschule, Förderschwerpunkt Geistige Entwicklung",Eifelstraße 15-17,44805 Bochum,Förderschulen,Bildung,"Städtische Förderschule, Förderschwerpunkt Geistige Entwicklung Ganztagsbetrieb",www.hilda-heinemann-schule.de,"3","1","243",2009/06/05,2020/08/04,"3","7",Bildung/Förderschulen,Förderschulen und Schulen für Lernbehinderte,"1",61101300XESchuleAllgemeinFoerderschule,,
Hildegardis-Schule,Klinikstraße 1,44791 Bochum,Gymnasien,Bildung,Städtisches Gymnasium. Europaschule in NRW - Pädagogische Übermittagbetreuung,www.hildegardis-bochum.de/,"3","1","244",2009/06/05,2020/08/05,"3","33",Bildung/Allgemeinbildende Schulen/Gymnasien,,"1",61101200XESchuleAllgemeinGymnasium,,
Hufelandschule,Hufelandstraße 17,44801 Bochum,Grundschulen,Bildung,"Städtische Gemeinschaftsgrundschule, offene Ganztagsschule",www.ggs-hufeland.bobi.net/,"3","1","245",2009/06/05,2020/08/04,"3","8",Bildung/Allgemeinbildende Schulen/Grundschulen,,"1",61101000XESchuleAllgemeinGrundschule,,
"Alice-Salomon-Berufskolleg, Dependance Lenneplatz",Lenneplatz 21,44807 Bochum,Berufsbildende Schulen,Bildung,"Schule für Ernährung, Erziehung und Gesundheit, Berufliche Schulen und Berufliches Gymnasium",www.alice-salomon-berufskolleg.de/,"3","3","246562",2014/08/26,2020/08/05,"3","31",Bildung/Berufsschulen/Berufsbildende Schulen,Berufsbildende Schulen allgemein,"1",61201000XEWeiterbildungBerufsschule,,
"Alice-Salomon-Berufskolleg, Dependance Lenneplatz",Lenneplatz 21,44807 Bochum,Berufskollegs,Bildung,"Schule für Ernährung, Erziehung und Gesundheit, Berufliche Schulen und Berufliches Gymnasium",www.alice-salomon-berufskolleg.de/,"3","1","246562",2014/08/26,2020/08/05,"3","151",Bildung/Berufsschulen/Berufskollegs,,"1",61201000XEWeiterbildungBerufsschule,,
"Alice-Salomon-Berufskolleg, Dependance Lenneplatz",Lenneplatz 21,44807 Bochum,Schulen im Gesundheitsbereich,Bildung,"Schule für Ernährung, Erziehung und Gesundheit, Berufliche Schulen und Berufliches Gymnasium",www.alice-salomon-berufskolleg.de/,"3","2","246562",2014/08/26,2020/08/05,"3","54",Bildung/Berufsschulen/Schulen im Gesundheitsbereich,"Schulen im Bereich des Gesundheitswesens: Krankenpflege-, Logopäden-, Heilpraktiker-, Hebammenschulen etc.","1",61201200XEWeiterbildungFachschule,,
Wirtschaftskolleg Bochum,Bessemerstraße 80,44793 Bochum,Weiterbildungseinrichtungen,Bildung,,www.wiko-bochum.de,"3","3","246892",2014/09/05,2018/09/19,"3","254",Bildung/Weiterbildungseinrichtungen,Weiterbildungseinrichtungen und Erwachsenenbildung,"1",61200000XEWeiterbildung,,
Wirtschaftskolleg Bochum,Bessemerstraße 80,44793 Bochum,Berufskollegs,Bildung,,www.wiko-bochum.de,"3","1","246892",2014/09/05,2018/09/19,"3","151",Bildung/Berufsschulen/Berufskollegs,,"1",61201000XEWeiterbildungBerufsschule,,
Wirtschaftskolleg Bochum,Bessemerstraße 80,44793 Bochum,Private Ersatzschulen,Bildung,,www.wiko-bochum.de,"3","2","246892",2014/09/05,2018/09/19,"3","58",Bildung/Privatschulen/Private Ersatzschulen,,"1",61100000XESchuleAllgemein,,
Uni-City-Gebäude Bochumer Fenster,Massenbergstraße 9-13,44787 Bochum,Staatliche Universitäten,Bildung,Standort des Lehrstuhl der Juristischen Fakultät,www.ruhr-uni-bochum.de/jura/RUB_Stadt/RUBStadt/AG/,"2","2","246975",2014/09/09,2018/09/20,"3","184529",Bildung/Hochschulen/Universitäten/Staatliche Universitäten,Universitäten des Landes NRW,"1",61301000XEWissenschaftHochschule,,
Uni-City-Gebäude Bochumer Fenster,Massenbergstraße 9-13,44787 Bochum,Hochschulen,Bildung,Standort des Lehrstuhl der Juristischen Fakultät,www.ruhr-uni-bochum.de/jura/RUB_Stadt/RUBStadt/AG/,"2","1","246975",2014/09/09,2018/09/20,"3","56",Bildung/Hochschulen/Hochschulen,,"1",61301000XEWissenschaftHochschule,,
Akademie der Kulturen NRW,Herbergsweg 1,44879 Bochum,Weiterbildungseinrichtungen,Bildung,"Eine Einrichtung der Weiterbildung in Trägerschaft des Kulturgut e.V. , staatlich anerkannt nach WGB vom Land NRW.",prokulturgut.net/bildung/programm/,"3","1","247252",2014/09/15,2018/09/17,"3","254",Bildung/Weiterbildungseinrichtungen,Weiterbildungseinrichtungen und Erwachsenenbildung,"1",61200000XEWeiterbildung,,
"Janusz-Korczak-Schule Städtische Förderschule, Geistige Entwicklung",Alleestraße 117b,44793 Bochum,Förderschulen,Bildung,"Städtische Förderschule, Förderschwerpunkt Geistige Entwicklung, Ganztagsbetrieb",www.jks-bochum.de,"3","1","250",2009/06/05,2020/08/04,"3","7",Bildung/Förderschulen,Förderschulen und Schulen für Lernbehinderte,"1",61101300XESchuleAllgemeinFoerderschule,,
Kirchschule Höntrop,Wattenscheider Hellweg 87-89,44867 Bochum,Grundschulen,Bildung,"Städtische Gemeinschaftsgrundschule, offene Ganztagsschule",www.kirchschule-hoentrop.de,"3","1","251",2009/06/05,2020/08/04,"3","8",Bildung/Allgemeinbildende Schulen/Grundschulen,,"1",61101000XESchuleAllgemeinGrundschule,,
Krankenpflegeschule Universitätsklinikum Knappschaftskrankenhaus Bochum GmbH,In der Schornau 23-25,44892 Bochum,Schulen im Gesundheitsbereich,Bildung,,kk-bochum.de/de/Mitarbeiter_Karriere/Krankenpflegeschule/index.php?highmain=3&highsub=0&highsubsub=0,"3","1","253",2009/06/05,2017/09/04,"3","54",Bildung/Berufsschulen/Schulen im Gesundheitsbereich,"Schulen im Bereich des Gesundheitswesens: Krankenpflege-, Logopäden-, Heilpraktiker-, Hebammenschulen etc.","1",61201200XEWeiterbildungFachschule,,
Anneliese Brost Musikforum Ruhr,Marienplatz 1,44787 Bochum,Musikschulen,Bildung,"Probe- und Spielstätte der Bochumer Symphoniker, des Jugendsinfonieorchesters und der Musikschule.",musikzentrum.bochum.de,"1","4","253441",2014/10/21,2020/04/21,"3","59",Bildung/Spezialschulen/Musikschulen,,"1",61401050XESchuleSpezialMusikschule,,
Geo Technikum / Geothermie-Zentrum Bochum,Lennershofstraße 140,44801 Bochum,Staatliche Universitäten,Bildung,,www.geothermie-zentrum.de/,"3","1","253455",2014/10/21,2018/09/17,"3","184529",Bildung/Hochschulen/Universitäten/Staatliche Universitäten,Universitäten des Landes NRW,"1",61301000XEWissenschaftHochschule,,
Hochschule für Gesundheit,Gesundheitscampus 6-8,44801 Bochum,Staatliche Fachhochschulen,Bildung,Department für Angewandte Gesundheitswissenschaften. Department of Community Health. Department für Pflegewissenschaften,www.hs-gesundheit.de/,"1","1","253458",2014/10/21,2020/05/20,"3","184527",Bildung/Hochschulen/Fachhochschulen/Staatliche Fachhochschulen,Fachhochschulen des Landes NRW,"1",61301000XEWissenschaftHochschule,,
ZEMOS Zentrum für molekulare Spektroskopie und Simulation solvensgesteuerter Prozesse,Universitätsstraße 150,44801 Bochum,Hochschulen,Bildung,"Forschungsgebiet der Untersuchung von Löslichkeitsprozessen in Chemie, Biochemie und Ingenieurwissenschaften.",www.rub.de/zemos,"1","1","254127",2014/11/19,2019/06/07,"3","56",Bildung/Hochschulen/Hochschulen,,"1",61301000XEWissenschaftHochschule,,
"BIGEST, Bildungsinstitut für Berufe im Gesundheitswesen der St. Elizabeth-Stiftung Bochum",Bleichstraße 15,44787 Bochum,Schulen im Gesundheitsbereich,Bildung,"BIGEST ist innerhalb des Katholischen-Klinikums Bochum für die Aus-, Fort-und Weiterbildung zuständig..",bigest.klinikum-bochum.de/,"3","1","255",2009/06/05,2020/05/20,"3","54",Bildung/Berufsschulen/Schulen im Gesundheitsbereich,"Schulen im Bereich des Gesundheitswesens: Krankenpflege-, Logopäden-, Heilpraktiker-, Hebammenschulen etc.","1",61201200XEWeiterbildungFachschule,,
"BIGEST, Bildungsinstitut für Berufe im Gesundheitswesen der St. Elizabeth-Stiftung Bochum",Bleichstraße 15,44787 Bochum,Schulen im sozialen Bereich,Bildung,"BIGEST ist innerhalb des Katholischen-Klinikums Bochum für die Aus-, Fort-und Weiterbildung zuständig..",bigest.klinikum-bochum.de/,"3","2","255",2009/06/05,2020/05/20,"3","57",Bildung/Berufsschulen/Schulen im sozialen Bereich,,"1",61201200XEWeiterbildungFachschule,,
"BIGEST, Bildungsinstitut für Berufe im Gesundheitswesen der St. Elizabeth-Stiftung Bochum",Bleichstraße 15,44787 Bochum,Weiterbildungseinrichtungen,Bildung,"BIGEST ist innerhalb des Katholischen-Klinikums Bochum für die Aus-, Fort-und Weiterbildung zuständig..",bigest.klinikum-bochum.de/,"3","3","255",2009/06/05,2020/05/20,"3","254",Bildung/Weiterbildungseinrichtungen,Weiterbildungseinrichtungen und Erwachsenenbildung,"1",61200000XEWeiterbildung,,
Aesculap Akademie,Gesundheitscampus-Süd 11-13,44801 Bochum,Weiterbildungseinrichtungen,Bildung,Partner der Medizinischen Gesellschaften und Verbände,germany.aesculap-academy.com,"3","1","255305",2014/12/11,2018/09/17,"3","254",Bildung/Weiterbildungseinrichtungen,Weiterbildungseinrichtungen und Erwachsenenbildung,"1",61200000XEWeiterbildung,,
NRW-Sportschule Bochum,Hollandstraße 95,44866 Bochum,Sportschulen,Bildung,,www.sportland.nrw.de/nf/einzelne-seiten/2013/sportschulebochum.html,"3","1","255318",2014/12/12,2020/04/21,"3","271",Bildung/Spezialschulen/Sportschulen,,"1",61400000XESchuleSpezial,,
TestDaF-Institut,Universitätsstraße 134,44799 Bochum,Hochschulen,Bildung,"Sprachliche, fachliche und propädeutische Vorbereitung auf das Studium in Deutschland",www.testdaf.de/,"1","1","255666",2015/01/07,2018/09/18,"3","56",Bildung/Hochschulen/Hochschulen,,"1",61301000XEWissenschaftHochschule,,
Zentrum für klinische Forschung (ZKF),Universitätsstraße 150,44801 Bochum,Hochschulen,Bildung,Medizinisches Proteom Center,www.ruhr-uni-bochum.de/mpc/,"1","1","255668",2015/01/07,2018/11/08,"3","56",Bildung/Hochschulen/Hochschulen,,"1",61301000XEWissenschaftHochschule,,
Folkwang Institut für Populäre Musik der Folkwang Universität der Künste,Prinz-Regent-Straße 50-60,44795 Bochum,Hochschulen,Bildung,Institut der Folkwang Universität der Künste bietet einem 4-semestrigen Master-Studiengang Populäre Musik an.,www.folkwang-popinstitut.de,"1","1","255678",2015/01/12,2018/09/18,"3","56",Bildung/Hochschulen/Hochschulen,,"1",61301000XEWissenschaftHochschule,,
Studierenden-Service-Center (SSC),Universitätsstraße 150,44801 Bochum,Hochschulen,Bildung,Hochwertige Beratungs- und Service-Leistungen für Studierende.,www.uv.ruhr-uni-bochum.de/dezernat2/profil.htm,"1","1","255683",2015/01/12,2019/08/14,"3","56",Bildung/Hochschulen/Hochschulen,,"1",61301000XEWissenschaftHochschule,,
Universitätsforum (UFO),Querenburger Höhe 283,44801 Bochum,Hochschulen,Bildung,Das Universitätsforum(UFO) ist eine Vereinigung innerhalb der Gesellschaft der Freunde und Förderer der Ruhr-Universität Bochum e.V,www.rub.de,"2","1","255740",2015/01/20,2018/09/17,"3","56",Bildung/Hochschulen/Hochschulen,,"1",61301000XEWissenschaftHochschule,,
Köllerholz-Schule,Köllerholzweg 61,44879 Bochum,Grundschulen,Bildung,"Städtische Gemeinschaftsgrundschule, offene Ganztagsschule",www.koellerholzschule.de,"3","1","257",2009/06/05,2020/08/04,"3","8",Bildung/Allgemeinbildende Schulen/Grundschulen,,"1",61101000XESchuleAllgemeinGrundschule,,
Lehranstalt für technische Assistenten in der Medizin,Bürkle de la Camp-Platz 1,44789 Bochum,Schulen im Gesundheitsbereich,Bildung,Berufsgenossenschaftliches Universitätsklinikum Bergmannsheil GmbH,www.bergmannsheil.de/das-bergmannsheil/schulen-und-bildungszentrum/mta-schule.html,"3","1","258",2009/06/05,2018/10/17,"3","54",Bildung/Berufsschulen/Schulen im Gesundheitsbereich,"Schulen im Bereich des Gesundheitswesens: Krankenpflege-, Logopäden-, Heilpraktiker-, Hebammenschulen etc.","1",61201200XEWeiterbildungFachschule,,
Lehranstalt für technische Assistenten in der Medizin,Bürkle de la Camp-Platz 1,44789 Bochum,Berufsbildende Schulen,Bildung,Berufsgenossenschaftliches Universitätsklinikum Bergmannsheil GmbH,www.bergmannsheil.de/das-bergmannsheil/schulen-und-bildungszentrum/mta-schule.html,"3","2","258",2009/06/05,2018/10/17,"3","31",Bildung/Berufsschulen/Berufsbildende Schulen,Berufsbildende Schulen allgemein,"1",61201000XEWeiterbildungBerufsschule,,
Lessing-Schule,Ottilienstraße 12,44892 Bochum,Gymnasien,Bildung,Städtisches Gymnasium. Pädagogische Übermittagbetreuung,www.lessing-schule.de,"3","1","259",2009/06/05,2020/08/05,"3","33",Bildung/Allgemeinbildende Schulen/Gymnasien,,"1",61101200XESchuleAllgemeinGymnasium,,
Liboriusschule,Josephinenstraße 80,44807 Bochum,Grundschulen,Bildung,"Städtische Gemeinschaftsgrundschule, offene Ganztagsschule",www.liborius.online,"3","1","261",2009/06/05,2020/08/04,"3","8",Bildung/Allgemeinbildende Schulen/Grundschulen,,"1",61101000XESchuleAllgemeinGrundschule,,
Louis-Baare-Berufskolleg,Bußmanns Weg 8,44866 Bochum,Berufsbildende Schulen,Bildung,Kaufmännische Schule 1. mit Wirtschaftsgymnasium. Europaschule,www.louis-baare-berufskolleg.de,"3","3","262",2009/06/05,2020/08/05,"3","31",Bildung/Berufsschulen/Berufsbildende Schulen,Berufsbildende Schulen allgemein,"1",61201000XEWeiterbildungBerufsschule,,
Louis-Baare-Berufskolleg,Bußmanns Weg 8,44866 Bochum,Berufskollegs,Bildung,Kaufmännische Schule 1. mit Wirtschaftsgymnasium. Europaschule,www.louis-baare-berufskolleg.de,"3","1","262",2009/06/05,2020/08/05,"3","151",Bildung/Berufsschulen/Berufskollegs,,"1",61201000XEWeiterbildungBerufsschule,,
Bibliothek des Ruhrgebiets,Clemensstraße 17-19,44789 Bochum,Weiterbildungseinrichtungen,Bildung,,www.isb.ruhr-uni-bochum.de/bdr/,"2","1","26221",2009/08/31,2018/09/18,"3","254",Bildung/Weiterbildungseinrichtungen,Weiterbildungseinrichtungen und Erwachsenenbildung,"1",61200000XEWeiterbildung,,
Maischützenschule,Maischützenstraße 70,44805 Bochum,Grundschulen,Bildung,"Städtische Gemeinschaftsgrundschule, offene Ganztagsschule",www.maischuetzen.bobi.net,"3","1","263",2009/06/05,2020/08/04,"3","8",Bildung/Allgemeinbildende Schulen/Grundschulen,,"1",61101000XESchuleAllgemeinGrundschule,,
Figurentheater-Kolleg,Hohe Eiche 27,44892 Bochum,Weiterbildungseinrichtungen,Bildung,Das Figurentheater-Kolleg ist eine staatlich anerkannte Weiterbildungseinrichtung.,www.figurentheater-kolleg.de,"2","3","26357",2009/09/01,2019/02/01,"3","254",Bildung/Weiterbildungseinrichtungen,Weiterbildungseinrichtungen und Erwachsenenbildung,"1",61200000XEWeiterbildung,,
"Technische Akademie Wuppertal e.V. (TAW), Standort Bochum",Springorumallee 12,44795 Bochum,Weiterbildungseinrichtungen,Bildung,"Ausbildungs- und berufsbegleitende Studiengänge der Bereiche Wirtschaft, Technik, Medien/Gestaltung, Gesundheit und Recht in Kooperation mit verschiedenen Hochschulen",www.taw.de/taw/1/189/365/376.php?PHPSESSID=b4d2f52a317a61286228510d72ef712a,"2","1","26381",2009/09/02,2018/09/19,"3","254",Bildung/Weiterbildungseinrichtungen,Weiterbildungseinrichtungen und Erwachsenenbildung,"1",61200000XEWeiterbildung,,
Maria Sibylla Merian-Gesamtschule,Lohackerstraße 15,44867 Bochum,Gesamtschulen,Bildung,Städtische Gesamtschule in. Bochum- Wattenscheid. Ganztagsschule.,www.msm.bobi.net,"3","1","265",2009/06/05,2020/08/05,"3","32",Bildung/Allgemeinbildende Schulen/Gesamtschulen,,"1",61101250XESchuleAllgemeinGesamtschule,,
Private evangelische Gesamtschule (Matthias-Claudius-Schule Bochum),Weitmarer Straße 115a,44795 Bochum,Private Ersatzschulen,Bildung,Private evangelische Gesamtschule der Sekundarstufen I und II,www.mcs-bochum.de,"3","1","266",2009/06/05,2019/06/07,"3","58",Bildung/Privatschulen/Private Ersatzschulen,,"1",61100000XESchuleAllgemein,,
Private evangelische Gesamtschule (Matthias-Claudius-Schule Bochum),Weitmarer Straße 115a,44795 Bochum,Gesamtschulen,Bildung,Private evangelische Gesamtschule der Sekundarstufen I und II,www.mcs-bochum.de,"3","3","266",2009/06/05,2019/06/07,"3","32",Bildung/Allgemeinbildende Schulen/Gesamtschulen,,"1",61101250XESchuleAllgemeinGesamtschule,,
Private Evangelische Bekenntnisgrundschule (Matthias-Claudius-Schulen Bochum),Nevelstraße 3,44795 Bochum,Private Ersatzschulen,Bildung,Private evangelische Grundschule,www.mcs-bochum.de,"3","1","267",2009/06/05,2018/09/27,"3","58",Bildung/Privatschulen/Private Ersatzschulen,,"1",61100000XESchuleAllgemein,,
Musikschule Bochum Mitte,Westring 32,44787 Bochum,Musikschulen,Bildung,Gleisdreieck,www.bochum.de/musikschule,"3","1","269",2009/06/05,2020/07/29,"3","59",Bildung/Spezialschulen/Musikschulen,,"1",61401050XESchuleSpezialMusikschule,,
Bezirksmusikschule Bochum-Linden,Hattinger Straße 638,44879 Bochum,Musikschulen,Bildung,Städtische Musikschule. Unter 6-18 Jahren+,www.bochum.de/musikschule,"3","1","270",2009/06/05,2020/05/20,"3","59",Bildung/Spezialschulen/Musikschulen,,"1",61401050XESchuleSpezialMusikschule,,
Bezirksmusikschule Bochum-Wattenscheid,Steinstraße 5,44866 Bochum,Musikschulen,Bildung,Städtische Musikschule,www.bochum.de/musikschule,"3","1","271",2009/06/05,2018/11/13,"3","59",Bildung/Spezialschulen/Musikschulen,,"1",61401050XESchuleSpezialMusikschule,,
Märkische Schule Wattenscheid,Saarlandstraße 40-44,44866 Bochum,Gymnasien,Bildung,"Städtisches Gymnasium, NRW-Sportschule, Pädagogische Übermittagbetreuung",www.maerkische-schule.de/,"3","1","272",2009/06/05,2020/08/05,"3","33",Bildung/Allgemeinbildende Schulen/Gymnasien,,"1",61101200XESchuleAllgemeinGymnasium,,
Schulverbund Hans-Christian-Andersen-Schule Teilstandort,Castroper Hellweg 556,44805 Bochum,Grundschulen,Bildung,"Städtische Gemeinschaftsgrundschule mit Kindertagesstätte, offene Ganztagsschule",www.hca-bochum.de/,"3","1","273",2009/06/05,2020/08/04,"3","8",Bildung/Allgemeinbildende Schulen/Grundschulen,,"1",61101000XESchuleAllgemeinGrundschule,,
Natorpschule,Natorpstraße 51,44795 Bochum,Grundschulen,Bildung,"Städtische Gemeinschaftsgrundschule, offene Ganztagsschule",www.natorpschule.de,"3","1","274",2009/06/05,2020/08/04,"3","8",Bildung/Allgemeinbildende Schulen/Grundschulen,,"1",61101000XESchuleAllgemeinGrundschule,,
Neulingschule,Neulingstraße 15,44795 Bochum,Grundschulen,Bildung,"städtische Gemeinschaftsgrundschule, offene Ganztagsschule",www.neulingschule.de,"3","1","275",2009/06/05,2020/08/04,"3","8",Bildung/Allgemeinbildende Schulen/Grundschulen,,"1",61101000XESchuleAllgemeinGrundschule,,
Folkwang Universität der Künste Studiengang Schauspiel Bochum,Friederikastraße 4,44789 Bochum,Kunstschulen,Bildung,"Die Folkwang Universität der Künste ist die zentrale künstlerische Ausbildungsstätte für Musik, Theater, Tanz, Gestaltung und Wissenschaft. (vorm. Westf. Schauspielschule)",www.folkwang-uni.de,"2","2","275889",2015/05/13,2020/05/20,"3","343",Bildung/Spezialschulen/Kunstschulen,,"1",61401000XESchuleSpezialKunstschule,,
Folkwang Universität der Künste Studiengang Schauspiel Bochum,Friederikastraße 4,44789 Bochum,Staatliche Fachhochschulen,Bildung,"Die Folkwang Universität der Künste ist die zentrale künstlerische Ausbildungsstätte für Musik, Theater, Tanz, Gestaltung und Wissenschaft. (vorm. Westf. Schauspielschule)",www.folkwang-uni.de,"2","1","275889",2015/05/13,2020/05/20,"3","184527",Bildung/Hochschulen/Fachhochschulen/Staatliche Fachhochschulen,Fachhochschulen des Landes NRW,"1",61301000XEWissenschaftHochschule,,
"IBKN - Institut für Bildung, Kultur und Nachhaltige Entwicklung",Lennershofstraße 140,44801 Bochum,Hochschulen,Bildung,Das IBKN ergänzt die Fachausbildung in den Ingenieur- und Wirtschaftswissenschaften durch fachübergreifende Bildungsangebote der Hochschule Bochum.,www.hochschule-bochum.de/ibkn.html,"1","1","275962",2015/05/18,2018/09/19,"3","56",Bildung/Hochschulen/Hochschulen,,"1",61301000XEWissenschaftHochschule,,
Pestalozzi-Schule,Graf-Adolf-Straße 40a,44866 Bochum,Realschulen,Bildung,"Städtische Realschule, NRW-Sportschule, Ganztagsschule",www.pestalozzi-realschule-wattenscheid.de,"3","1","276",2009/06/05,2020/08/04,"3","10",Bildung/Allgemeinbildende Schulen/Realschulen,,"1",61101150XESchuleAllgemeinRealschule,,
"Hildegardisschule (Teilstandort), ehem. Max-Greve-Schule",Max-Greve-Straße 7,44791 Bochum,Gymnasien,Bildung,,www.hildegardis-bochum.de/,"3","1","276018",2015/05/19,2017/07/18,"3","33",Bildung/Allgemeinbildende Schulen/Gymnasien,,"1",61101200XESchuleAllgemeinGymnasium,,
"Else-Hirsch-Schule Städtische Förderschule, Förderschwerpunkt Lernen",Hegelstraße 6,44805 Bochum,Förderschulen,Bildung,"Städtische Förderschule, Förderschwerpunkt Lernen, offene Ganztagsschule",www.else-hirsch-schule.de,"3","1","277",2009/06/05,2020/08/04,"3","7",Bildung/Förderschulen,Förderschulen und Schulen für Lernbehinderte,"1",61101300XESchuleAllgemeinFoerderschule,,
Realschule Höntrop,Höntroper Straße 99,44869 Bochum,Realschulen,Bildung,"Städtische Realschule, Pädagogische Übermittagbetreuung",www.rsh-bo.de,"3","1","279",2009/06/05,2020/08/04,"3","10",Bildung/Allgemeinbildende Schulen/Realschulen,,"1",61101150XESchuleAllgemeinRealschule,,
EBZ Business School - University of Applied Sciences,Springorumallee 20,44795 Bochum,Weiterbildungseinrichtungen,Bildung,Die EBZ Business School - University of Applied Sciences- ist eine Hochschule mit staatlich anerkannten Studiengängen,www.ebz-business-school.de,"2","8","28094",2009/09/22,2018/09/24,"3","254",Bildung/Weiterbildungseinrichtungen,Weiterbildungseinrichtungen und Erwachsenenbildung,"1",61200000XEWeiterbildung,,
EBZ Business School - University of Applied Sciences,Springorumallee 20,44795 Bochum,Private Fachhochschulen,Bildung,Die EBZ Business School - University of Applied Sciences- ist eine Hochschule mit staatlich anerkannten Studiengängen,www.ebz-business-school.de,"2","1","28094",2009/09/22,2018/09/24,"3","184528",Bildung/Hochschulen/Fachhochschulen/Private Fachhochschulen,Fachhochschulen privater Träger,"1",61301000XEWissenschaftHochschule,,
Rudolf Steiner Schule,Hauptstraße 240,44892 Bochum,Waldorfschulen,Bildung,"Waldorfschule. Primarstufe, Sekundarstufe I und II und Förderschule",www.rss-bochum.de,"2","1","281",2009/06/05,2020/05/20,"3","55",Bildung/Privatschulen/Waldorfschulen,,"1",61100000XESchuleAllgemein,,
Rudolf Steiner Schule,Hauptstraße 240,44892 Bochum,Förderschulen,Bildung,"Waldorfschule. Primarstufe, Sekundarstufe I und II und Förderschule",www.rss-bochum.de,"2","3","281",2009/06/05,2020/05/20,"3","7",Bildung/Förderschulen,Förderschulen und Schulen für Lernbehinderte,"1",61101300XESchuleAllgemeinFoerderschule,,
Rudolf Steiner Schule,Hauptstraße 240,44892 Bochum,Private Ersatzschulen,Bildung,"Waldorfschule. Primarstufe, Sekundarstufe I und II und Förderschule",www.rss-bochum.de,"2","2","281",2009/06/05,2020/05/20,"3","58",Bildung/Privatschulen/Private Ersatzschulen,,"1",61100000XESchuleAllgemein,,
Ruhr-Universität Bochum (RUB),Universitätsstraße 150,44801 Bochum,Staatliche Universitäten,Bildung,In insgesamt 20 Fakultäten wird an der RUB geforscht und gelehrt.,www.ruhr-uni-bochum.de,"1","1","282",2009/06/05,2019/08/14,"3","184529",Bildung/Hochschulen/Universitäten/Staatliche Universitäten,Universitäten des Landes NRW,"1",61301000XEWissenschaftHochschule,,
Ruhr-Universität Bochum (RUB),Universitätsstraße 150,44801 Bochum,Hochschulen,Bildung,In insgesamt 20 Fakultäten wird an der RUB geforscht und gelehrt.,www.ruhr-uni-bochum.de,"1","9","282",2009/06/05,2019/08/14,"3","56",Bildung/Hochschulen/Hochschulen,,"1",61301000XEWissenschaftHochschule,,
Schiller-Schule,Waldring 71,44789 Bochum,Gymnasien,Bildung,"Städtisches Gymnasium, Pädagogische Übermittagbetreuung",www.schiller-schule.de/,"3","1","284",2009/06/05,2020/08/05,"3","33",Bildung/Allgemeinbildende Schulen/Gymnasien,,"1",61101200XESchuleAllgemeinGymnasium,,
"Schule am Haus Langendreer, LWL- Förderschule",Hauptstraße 157,44892 Bochum,Förderschulen,Bildung,LWL-Förderschule mit dem Förderschwerpunkt körperliche und motorische Entwicklung,www.lwl.org/LWL/Jugend/jugendschule-am-haus-langendreer/,"3","1","286",2009/06/05,2018/10/16,"3","7",Bildung/Förderschulen,Förderschulen und Schulen für Lernbehinderte,"1",61101300XESchuleAllgemeinFoerderschule,,
"Paul-Dohrmann-Schule Städtische Förderschule, Förderschwerpunkt Emotionale und soziale Entwicklung",Wasserstraße 46,44803 Bochum,Förderschulen,Bildung,"städtische Förderschule, Schwerpunkt soziale und emotionale Entwicklung (Primarstufe)",www.sfe.bobi.net,"3","1","288",2009/06/05,2020/08/04,"3","7",Bildung/Förderschulen,Förderschulen und Schulen für Lernbehinderte,"1",61101300XESchuleAllgemeinFoerderschule,,
Ferdinand-Krüger-Schule Städtische Schule für Kranke,Axstraße 35,44879 Bochum,Förderschulen,Bildung,"Städtische Schule für Kranke im St. Josefs- Hospital Bochum-Linden, Teilstandort im Bergmannsheil",www.ferdinand-krueger-schule.de/,"3","1","289",2009/06/05,2020/08/05,"3","7",Bildung/Förderschulen,Förderschulen und Schulen für Lernbehinderte,"1",61101300XESchuleAllgemeinFoerderschule,,
BIGEST-Schule für Physiotherapie,Günnigfelder Straße 176,44793 Bochum,Schulen im Gesundheitsbereich,Bildung,BIldungsinstitut für Berufe im Gesundheitswesen der St. Elisabeth - Stiftung Bochum (BIGEST),bigest.klinikum-bochum.de/physiotherapieschule.html,"2","1","290",2009/06/05,2018/10/15,"3","54",Bildung/Berufsschulen/Schulen im Gesundheitsbereich,"Schulen im Bereich des Gesundheitswesens: Krankenpflege-, Logopäden-, Heilpraktiker-, Hebammenschulen etc.","1",61201200XEWeiterbildungFachschule,,
Sonnenschule,Lange Malterse 18,44795 Bochum,Grundschulen,Bildung,"Städtische Gemeinschaftsgrundschule, offene Ganztagsschule",www.sonnenschule-bochum.de,"3","1","292",2009/06/05,2020/05/20,"3","8",Bildung/Allgemeinbildende Schulen/Grundschulen,,"1",61101000XESchuleAllgemeinGrundschule,,
Singschule Bochum (ev.Lutherkirche),Klinikstraße 20,44791 Bochum,Musikschulen,Bildung,,bochum-innenstadt.kirchenkreis-bochum.de/kindergaerten(gruppeninitiativenprojekte0.html,"3","1","295903",2016/01/27,2017/03/06,"3","59",Bildung/Spezialschulen/Musikschulen,,"1",61401050XESchuleSpezialMusikschule,,
Institut für Diaspora- und Genozidforschung,Universitätsstraße 150,44801 Bochum,Wissenschaft und Forschung,Bildung,Forschungseinrichtung an der Ruhr-Universität Bochum,www.ruhr-uni-bochum.de/idg,"3","1","29596",2009/10/06,2018/10/16,"3","299",Bildung/Hochschulen/Wissenschaft und Forschung,,"1",61300000XEWissenschaft,,
Gemeinschaftsgrundschule Leithe,Schulstraße 7,44866 Bochum,Grundschulen,Bildung,"Städtische Gemeinschaftsgrundschule, offene Ganztagsschule",www.grundschule-leithe.de,"3","1","296",2009/06/05,2020/08/04,"3","8",Bildung/Allgemeinbildende Schulen/Grundschulen,,"1",61101000XESchuleAllgemeinGrundschule,,
Institut für Gefahrstoff-Forschung (IGF),Waldring 97,44789 Bochum,Wissenschaft und Forschung,Bildung,Eine Forschungseinrichtung der Berufsgenossenschaft Rohstoffe und chemische Industrie..,www.igf-bbg.de,"3","1","29604",2009/10/06,2020/05/20,"3","299",Bildung/Hochschulen/Wissenschaft und Forschung,,"1",61300000XEWissenschaft,,
"Alice-Salomon-Berufskolleg für Ernährung, Erziehung ung Gesundheit Teilstandort",Fahrendeller Straße 25,44787 Bochum,Berufskollegs,Bildung,"Das Alice-Salomon-Berufskolleg qualifiziert in den Berufsfeldern Ernährung und Hauswirtschaft, Sozial- und Gesundheitswesen sowie Körperpflege.",www.alice-salomon-berufskolleg.de,"3","1","296902",2016/02/05,2020/08/05,"3","151",Bildung/Berufsschulen/Berufskollegs,,"1",61201000XEWeiterbildungBerufsschule,,
Glückaufschule,Bochumer Straße 69-71,44866 Bochum,Grundschulen,Bildung,"städtische Gemeinschaftsgrundschule, offene Ganztagschule",www.ggs-watheide.bobi.net,"3","1","297",2009/06/05,2020/08/04,"3","8",Bildung/Allgemeinbildende Schulen/Grundschulen,,"1",61101000XESchuleAllgemeinGrundschule,,
Ruhr-Forschungsinstitut für Innovations- und Strukturpolitik RUFIS,Universitätsstraße 150,44801 Bochum,Wissenschaft und Forschung,Bildung,Forschungseinrichtung,www.rufis.de,"3","1","29743",2009/10/07,2018/11/13,"3","299",Bildung/Hochschulen/Wissenschaft und Forschung,,"1",61300000XEWissenschaft,,
Internationales Geothermiezentrum,Lennershofstraße 140,44801 Bochum,Wissenschaft und Forschung,Bildung,Das Internationale Geothermiezentrum ist eine Verbundforschungseinrichtung der Wissenschaft und der Wirtschaft unter enger Einbeziehung von Verwaltung und Politik. Träger: Hochschule Bochum u.a. Institutionen öffentlichen Rechts,www.geothermie-zentrum.de/,"1","1","29752",2009/10/07,2016/11/21,"3","299",Bildung/Hochschulen/Wissenschaft und Forschung,,"1",61300000XEWissenschaft,,
Interdisciplinary Centre for Advanced Materials Simulation ICAMS,Universitätsstraße 150,44801 Bochum,Wissenschaft und Forschung,Bildung,Das Interdisziplinäre Zentrum für Advanced Materials Simulation (ICAMS) ist ein Forschungszentrum für neue Materialien an der Ruhr-Universität Bochum,www.icams.rub.de/,"3","1","29755",2009/10/07,2018/09/25,"3","299",Bildung/Hochschulen/Wissenschaft und Forschung,,"1",61300000XEWissenschaft,,
Technische Hochschule ''Georg Agricola'' zu Bochum,Herner Straße 45,44787 Bochum,Private Fachhochschulen,Bildung,Staatlich anerkannte private Fachhochschule der DMT-Gesellschaft für Lehre und Bildung mbH-. Fachhochschule der DMT.,www.thga.de,"2","1","301",2009/06/05,2020/05/20,"3","184528",Bildung/Hochschulen/Fachhochschulen/Private Fachhochschulen,Fachhochschulen privater Träger,"1",61301000XEWissenschaftHochschule,,
Technische Hochschule ''Georg Agricola'' zu Bochum,Herner Straße 45,44787 Bochum,Wissenschaft und Forschung,Bildung,Staatlich anerkannte private Fachhochschule der DMT-Gesellschaft für Lehre und Bildung mbH-. Fachhochschule der DMT.,www.thga.de,"2","11","301",2009/06/05,2020/05/20,"3","299",Bildung/Hochschulen/Wissenschaft und Forschung,,"1",61300000XEWissenschaft,,
Ferdinand-Krüger-Schule Städtische Schule für Kranke Teilstandort,Bürkle de la Camp-Platz 1,44789 Bochum,Förderschulen,Bildung,Städtische Schule für Kranke. Teilstandort,www.ferdinand-krueger-schule.de,"3","1","301440",2016/09/28,2020/08/05,"3","7",Bildung/Förderschulen,Förderschulen und Schulen für Lernbehinderte,"1",61101300XESchuleAllgemeinFoerderschule,,
Carolinenschule Bochum (Gesamtschule),Springorumallee 1,44795 Bochum,Private Ersatzschulen,Bildung,Die Carolinenschule Bochum in freier Trägerschaft der Schul- und Bildungswerkstatt GmbH ist eine staatliche anerkannte Gesamtschule. Sehundarstufe I,www.carolinenschule.de,"3","1","301447",2016/09/28,2020/05/20,"3","58",Bildung/Privatschulen/Private Ersatzschulen,,"1",61100000XESchuleAllgemein,,
Schule für Ergotherapie,Burgstraße 15,44867 Bochum,Weiterbildungseinrichtungen,Bildung,maxQ. NRW. Zentrum für Gesundheitsberufe,www.maxq.net/bochum/schule-fuer-ergotherapie/,"3","2","301752",2016/10/17,2020/05/20,"3","254",Bildung/Weiterbildungseinrichtungen,Weiterbildungseinrichtungen und Erwachsenenbildung,"1",61200000XEWeiterbildung,,
Schule für Ergotherapie,Burgstraße 15,44867 Bochum,Schulen im Gesundheitsbereich,Bildung,maxQ. NRW. Zentrum für Gesundheitsberufe,www.maxq.net/bochum/schule-fuer-ergotherapie/,"3","1","301752",2016/10/17,2020/05/20,"3","54",Bildung/Berufsschulen/Schulen im Gesundheitsbereich,"Schulen im Bereich des Gesundheitswesens: Krankenpflege-, Logopäden-, Heilpraktiker-, Hebammenschulen etc.","1",61201200XEWeiterbildungFachschule,,
Fachseminar für Altenpflege,Burgstraße 15,44867 Bochum,Altenpflegeschulen,Bildung,maxQ. NRW. Zentrum für Gesundheitsberufe Bochum,www.maxq-nrw.de,"3","1","301758",2016/10/17,2020/05/20,"3","23681",Bildung/Berufsschulen/Altenpflegeschulen,Altenpflegeschulen,"1",61201200XEWeiterbildungFachschule,,
Fachseminar für Altenpflege,Burgstraße 15,44867 Bochum,Schulen im sozialen Bereich,Bildung,maxQ. NRW. Zentrum für Gesundheitsberufe Bochum,www.maxq-nrw.de,"3","3","301758",2016/10/17,2020/05/20,"3","57",Bildung/Berufsschulen/Schulen im sozialen Bereich,,"1",61201200XEWeiterbildungFachschule,,
Fachseminar für Altenpflege,Burgstraße 15,44867 Bochum,Weiterbildungseinrichtungen,Bildung,maxQ. NRW. Zentrum für Gesundheitsberufe Bochum,www.maxq-nrw.de,"3","2","301758",2016/10/17,2020/05/20,"3","254",Bildung/Weiterbildungseinrichtungen,Weiterbildungseinrichtungen und Erwachsenenbildung,"1",61200000XEWeiterbildung,,
Schule für Physiotherapie,Burgstraße 15,44867 Bochum,Schulen im Gesundheitsbereich,Bildung,maxQ. NRW. Zentrum für Gesundheitsberufe,www.maxq.net/bochum/schule-fuer-physiotherapie/,"3","1","301767",2016/10/17,2020/05/20,"3","54",Bildung/Berufsschulen/Schulen im Gesundheitsbereich,"Schulen im Bereich des Gesundheitswesens: Krankenpflege-, Logopäden-, Heilpraktiker-, Hebammenschulen etc.","1",61201200XEWeiterbildungFachschule,,
Schule für Physiotherapie,Burgstraße 15,44867 Bochum,Weiterbildungseinrichtungen,Bildung,maxQ. NRW. Zentrum für Gesundheitsberufe,www.maxq.net/bochum/schule-fuer-physiotherapie/,"3","2","301767",2016/10/17,2020/05/20,"3","254",Bildung/Weiterbildungseinrichtungen,Weiterbildungseinrichtungen und Erwachsenenbildung,"1",61200000XEWeiterbildung,,
Theodor-Körner-Schule,Keilstraße 42-48,44879 Bochum,Gymnasien,Bildung,"Städtisches Gymnasium (im Schulzentrum Südwest), Pädagogische Übermittagbetreuung",www.die-tks.de,"3","1","302",2009/06/05,2020/08/05,"3","33",Bildung/Allgemeinbildende Schulen/Gymnasien,,"1",61101200XESchuleAllgemeinGymnasium,,
Vels-Heide-Schule,Sanderweg 25,44803 Bochum,Grundschulen,Bildung,"Städtische Gemeinschaftsgrundschule, offene Ganztagsschule",www.vels-heide-schule.de,"3","1","303",2009/06/05,2020/08/04,"3","8",Bildung/Allgemeinbildende Schulen/Grundschulen,,"1",61101000XESchuleAllgemeinGrundschule,,
Volkshochschule (VHS) Bochum,Gustav-Heinemann-Platz 2-6,44787 Bochum,Volkshochschulen,Bildung,"im Bildungs-und Verwaltungszentrum, Einbürgerungstest , Schulabschluss PLUS , kommunale Weiterbildungsberatungsstelle und vieles mehr.",vhs.bochum.de,"3","1","305",2009/06/05,2020/01/21,"3","60",Bildung/Volkshochschulen,,"1",61201300XEWeiterbildungVolkshochschule,,
Volkshochschule (VHS) Bochum,Gustav-Heinemann-Platz 2-6,44787 Bochum,Weiterbildungseinrichtungen,Bildung,"im Bildungs-und Verwaltungszentrum, Einbürgerungstest , Schulabschluss PLUS , kommunale Weiterbildungsberatungsstelle und vieles mehr.",vhs.bochum.de,"3","8","305",2009/06/05,2020/01/21,"3","254",Bildung/Weiterbildungseinrichtungen,Weiterbildungseinrichtungen und Erwachsenenbildung,"1",61200000XEWeiterbildung,,
Waldschule,Hustadtring 144,44801 Bochum,Grundschulen,Bildung,"Städtische Gemeinschaftsgrundschule, offene Ganztagsschule",www.waldschule-bochum.de/,"3","1","306",2009/06/05,2020/08/04,"3","8",Bildung/Allgemeinbildende Schulen/Grundschulen,,"1",61101000XESchuleAllgemeinGrundschule,,
"Heilpraktikerschule, Walter-Knäpper-Schule",Bergmannstraße 36,44809 Bochum,Schulen im Gesundheitsbereich,Bildung,,www.walter-knaepper-schule.de,"2","1","307",2009/06/05,2017/09/04,"3","54",Bildung/Berufsschulen/Schulen im Gesundheitsbereich,"Schulen im Bereich des Gesundheitswesens: Krankenpflege-, Logopäden-, Heilpraktiker-, Hebammenschulen etc.","1",61201200XEWeiterbildungFachschule,,
Weilenbrink-Schule,Arndtstraße 27-29,44787 Bochum,Grundschulen,Bildung,"städtische Katholische Grundschule, offene Ganztagsschule",www.weilenbrink-schule.de,"3","1","308",2009/06/05,2020/08/04,"3","8",Bildung/Allgemeinbildende Schulen/Grundschulen,,"1",61101000XESchuleAllgemeinGrundschule,,
Werner-von-Siemens-Schule,Haydnstraße 3,44805 Bochum,Hauptschulen,Bildung,"Städtische Gemeinschaftshauptschule, Ganztagshauptschule",www.wvsbo.de,"3","1","310",2009/06/05,2020/08/04,"3","9",Bildung/Allgemeinbildende Schulen/Hauptschulen,,"1",61101050XESchuleAllgemeinHauptschule,,
"Schule am Leithenhaus, LWL Förderschule",Hauptstraße 155,44892 Bochum,Förderschulen,Bildung,LWL-Förderschule mit dem Förderschwerpunkt Hören und Kommunikation.,www.hoergeschaedigtenschule-bochum.de,"3","1","311",2009/06/05,2020/05/20,"3","7",Bildung/Förderschulen,Förderschulen und Schulen für Lernbehinderte,"1",61101300XESchuleAllgemeinFoerderschule,,
Widar-Schule,Höntroper Straße 95,44869 Bochum,Private Gymnasien,Bildung,"Waldorfschule in Bochum- Wattenscheid, Primarstufe, Sekundarstufe I und II, (alle Abschlüsse)",www.widarschule.de,"3","3","312",2009/06/05,2018/10/15,"3","205",Bildung/Privatschulen/Private Gymnasien,,"1",61101200XESchuleAllgemeinGymnasium,,
Widar-Schule,Höntroper Straße 95,44869 Bochum,Waldorfschulen,Bildung,"Waldorfschule in Bochum- Wattenscheid, Primarstufe, Sekundarstufe I und II, (alle Abschlüsse)",www.widarschule.de,"3","1","312",2009/06/05,2018/10/15,"3","55",Bildung/Privatschulen/Waldorfschulen,,"1",61100000XESchuleAllgemein,,
Widar-Schule,Höntroper Straße 95,44869 Bochum,Private Ersatzschulen,Bildung,"Waldorfschule in Bochum- Wattenscheid, Primarstufe, Sekundarstufe I und II, (alle Abschlüsse)",www.widarschule.de,"3","2","312",2009/06/05,2018/10/15,"3","58",Bildung/Privatschulen/Private Ersatzschulen,,"1",61100000XESchuleAllgemein,,
Wilbergschule,Wilbergstraße 3,44807 Bochum,Grundschulen,Bildung,"Städtische Gemeinschaftsgrundschule, offene Ganztagsschule",www.wilbergschule-bochum.de,"3","1","313",2009/06/05,2020/08/04,"3","8",Bildung/Allgemeinbildende Schulen/Grundschulen,,"1",61101000XESchuleAllgemeinGrundschule,,
"Willy-Brandt-Gesamtschule, Sekundarstufe I",Wittekindstraße 33,44894 Bochum,Gesamtschulen,Bildung,Städtische Gesamtschule. Sekundarstufe I,www.willy-brandt-gesamtschule.de,"3","1","314",2009/06/05,2020/08/05,"3","32",Bildung/Allgemeinbildende Schulen/Gesamtschulen,,"1",61101250XESchuleAllgemeinGesamtschule,,
Willy-Brandt-Gesamtschule Sekundarstufe II,Deutsches Reich 58,44894 Bochum,Gesamtschulen,Bildung,Städtische Gesamtschule. Sekundarstufe II,www.willy-brandt-gesamtschule.de,"3","1","315",2009/06/05,2020/08/05,"3","32",Bildung/Allgemeinbildende Schulen/Gesamtschulen,,"1",61101250XESchuleAllgemeinGesamtschule,,
"Else-Baltz-Schule, Zooschule im Tierpark Bochum",Klinikstraße 49,44791 Bochum,Natur- Wald- Biologieschulen,Bildung,Zooschule für Schulklassen und Kindergärten.,www.tierpark-bochum.de,"3","1","316",2009/06/05,2018/09/19,"3","498",Bildung/Spezialschulen/Natur- Wald- Biologieschulen,Natur- Wald- und Biologieschulen,"1",61401100XESchuleSpezialNaturschule,,
isits AG International School of IT Security,Lise-Meitner-Allee 4,44801 Bochum,Fernuniversität,Bildung,Fern-Uni für Informatik,www.is-its.org,"3","1","318882",2016/11/16,2018/11/12,"3","281",Bildung/Hochschulen/Fernuniversität,,"1",61301000XEWissenschaftHochschule,,
FOM Hochschulzentrum Bochum,Universitätsstraße 142,44799 Bochum,Private Fachhochschulen,Bildung,Hochschule für Berufstätige,www.fom.de/hochschulzentren/studium-in-bochum.html,"3","1","318973",2016/11/22,2018/11/16,"3","184528",Bildung/Hochschulen/Fachhochschulen/Private Fachhochschulen,Fachhochschulen privater Träger,"1",61301000XEWissenschaftHochschule,,
iba Internationale Berufsakademie,Universitätsstraße 125,44789 Bochum,Private Fachhochschulen,Bildung,Studiengang Betriebswirtschaft,www.iba-bochum.com/,"3","1","318977",2016/11/22,2018/11/08,"3","184528",Bildung/Hochschulen/Fachhochschulen/Private Fachhochschulen,Fachhochschulen privater Träger,"1",61301000XEWissenschaftHochschule,,
Familienforum Ruhrgebiet,Alexandrinenstraße 5,44791 Bochum,Weiterbildungseinrichtungen,Bildung,Weiterbildung für Familie und Eltern,www.familienforum-ruhrgebiet.de,"3","1","319499",2016/11/24,2018/11/07,"3","254",Bildung/Weiterbildungseinrichtungen,Weiterbildungseinrichtungen und Erwachsenenbildung,"1",61200000XEWeiterbildung,,
IbKK- Kunstzentrum,Lohrheidestraße 57,44866 Bochum,Kunstschulen,Bildung,Institut für Ausbildung in bildender Kunst und Kunsttherapie,www.ibkk-kunstzentrum.de,"3","1","321094",2016/11/24,2019/06/07,"3","343",Bildung/Spezialschulen/Kunstschulen,,"1",61401000XESchuleSpezialKunstschule,,
X-Vision Ruhr,Steinstraße 5,44866 Bochum,Musikschulen,Bildung,Musik-Akademie,www.xvisionruhr.de,"3","1","329324",2017/01/19,2018/11/09,"3","59",Bildung/Spezialschulen/Musikschulen,,"1",61401050XESchuleSpezialMusikschule,,
Akademisches Förderungswerk KULTUR,Sumperkamp 9-15,44801 Bochum,Studentenwerke,Bildung,18 Jahren+,www.akafoe.de,"3","1","335687",2017/02/09,2018/11/09,"3","30674",Bildung/Hochschulen/Studentenwerke,,"1",61301000XEWissenschaftHochschule,,
Das fliegende Atelier e.V.,Joachimstraße 14,44789 Bochum,Kunstschulen,Bildung,,www.das-fliegende-atelier.de,"3","1","337414",2017/03/03,2017/09/28,"3","343",Bildung/Spezialschulen/Kunstschulen,,"1",61401000XESchuleSpezialKunstschule,,
Centrum für seltene Erkrankungen Ruhr (CeSER),Alexandrinenstraße 5,44791 Bochum,Wissenschaft und Forschung,Bildung,Zentrum zur Erforschung und Behandlung seltener Erkrankungen,www.centrum-seltene-erkrankungen-ruhr.de,"1","2","349603",2017/06/02,2019/01/29,"3","299",Bildung/Hochschulen/Wissenschaft und Forschung,,"1",61300000XEWissenschaft,,
World Factory (Ruhr-Universität),Frenkingstraße 14,44894 Bochum,Wissenschaft und Forschung,Bildung,Transfer- und Gründerkonzept der Ruhr-Universität begleitet Studierende auf ihrem Weg zur Unternehmensgründung.,www.ruhr-uni-bochum.de/worldfactory/,"3","1","349636",2017/06/02,2018/09/27,"3","299",Bildung/Hochschulen/Wissenschaft und Forschung,,"1",61300000XEWissenschaft,,
CAIS - Center for Advanced Internet Studies,Universitätsstraße 104,44799 Bochum,Wissenschaft und Forschung,Bildung,"Forschungszentrum für Internetstudien, Kooperation mehrerer Universitäten",www.cais.nrw,"3","1","349656",2017/06/06,2019/06/07,"3","299",Bildung/Hochschulen/Wissenschaft und Forschung,,"1",61300000XEWissenschaft,,
ZTG Zentrum für Telematik und Telemedizin GmbH,Universitätsstraße 142,44799 Bochum,Wissenschaft und Forschung,Bildung,Kompetenzzentrum für Telematik- und Telemedizinanwendungen.,www.ztg-nrw.de,"3","1","349669",2017/06/06,2019/06/07,"3","299",Bildung/Hochschulen/Wissenschaft und Forschung,,"1",61300000XEWissenschaft,,
Matthias-Claudius-Berufskolleg,Weitmarer Straße 115a,44795 Bochum,Berufskollegs,Bildung,Bereich Gesundheit und Soziales,www.mcs-bochum.de,"3","1","358006",2017/08/23,2018/12/13,"3","151",Bildung/Berufsschulen/Berufskollegs,,"1",61201000XEWeiterbildungBerufsschule,,
Ausbildungsinstitut Lehrer für Pflegeberufe und Gesundheitsberufe,Alsenstraße 19a,44789 Bochum,Schulen im sozialen Bereich,Bildung,Berufsfortbildungswerk des DGD,,"3","1","358027",2017/09/04,2018/11/08,"3","57",Bildung/Berufsschulen/Schulen im sozialen Bereich,,"1",61201200XEWeiterbildungFachschule,,
Rhythmische Sportgymnastik (RSG) im TV Bochum-Brenschede,Glücksburger Straße 25,44799 Bochum,Sportschulen,Bildung,"Der Verein ist Stützpunkt für Talentsichtung/Talentförderung"",",www.tv-bochum-brenschede-rsg.de/,"3","1","358290",2017/09/26,2019/06/07,"3","271",Bildung/Spezialschulen/Sportschulen,,"1",61400000XESchuleSpezial,,
quaz.ruhr,Somborner Straße 84,44894 Bochum,Weiterbildungseinrichtungen,Bildung,Sprach- und Qualifizierungszentrum für Flüchtlinge,www.gewerkstatt.de/de/quazruhr,"3","1","385287",2018/04/10,2018/10/25,"3","254",Bildung/Weiterbildungseinrichtungen,Weiterbildungseinrichtungen und Erwachsenenbildung,"1",61200000XEWeiterbildung,,
Interdiszipinäres Institut für Forschung und Lehre,Gudrunstraße 56,44791 Bochum,Wissenschaft und Forschung,Bildung,Interdisziplinäres Institut für Forschung und Lehre (IFL) der Ruhr-Universität Bochum,www.medizin.ruhr-uni-bochum.de/dekanat/ifl/index.html.de,"3","1","386073",2018/06/13,2019/11/15,"3","299",Bildung/Hochschulen/Wissenschaft und Forschung,,"1",61300000XEWissenschaft,,
Studienkreis Film,Universitätsstraße 150,44801 Bochum,Hochschulen,Bildung,Kino der Ruhr-Universität Bochum. HZO 21,www.skf-kino.de,"3","1","434973",2019/02/06,2020/05/20,"3","56",Bildung/Hochschulen/Hochschulen,,"1",61301000XEWissenschaftHochschule,,
Proteinforschungszentrum ProDi,Gesundheitscampus 4,44801 Bochum,Wissenschaft und Forschung,Bildung,,www.bph.ruhr-uni-bochum.de/link_prodi.htm,"3","1","436390",2019/03/29,2020/03/31,"3","299",Bildung/Hochschulen/Wissenschaft und Forschung,,"1",61300000XEWissenschaft,,
Fachseminar für Altenpflege AWO,Herzogstraße 36,44807 Bochum,Altenpflegeschulen,Bildung,,,"3","1","436941",2019/06/03,2019/06/03,"3","23681",Bildung/Berufsschulen/Altenpflegeschulen,Altenpflegeschulen,"1",61201200XEWeiterbildungFachschule,,
Rupert-Neudeck-Schule,Dr.-C.-Otto-Straße 88,44879 Bochum,Realschulen,Bildung,"Sekundarstufe I im Schulzentum Südwest
Ganztagschule",www.rupert-neudeck-schule.de/,"3","1","497297",2020/08/04,2020/08/04,"3","10",Bildung/Allgemeinbildende Schulen/Realschulen,,"1",61101150XESchuleAllgemeinRealschule,,
Botanischer Garten Bochum,Universitätsstraße 150,44801 Bochum,Wissenschaft und Forschung,Bildung,Der für Lehr- und Forschungszwecke angelegte Garten mit vielen exotischen Attraktionen.,www.boga.ruhr-uni-bochum.de,"2","6","687",2009/06/05,2018/09/19,"3","299",Bildung/Hochschulen/Wissenschaft und Forschung,,"1",61300000XEWissenschaft,,
Gewerkstatt gGmbH,Schleipweg 20,44805 Bochum,Weiterbildungseinrichtungen,Bildung,,www.gewerkstatt.de,"3","2","7997",2009/06/05,2019/01/30,"3","254",Bildung/Weiterbildungseinrichtungen,Weiterbildungseinrichtungen und Erwachsenenbildung,"1",61200000XEWeiterbildung,,
Evangelische Stadtakademie,Westring 26c,44787 Bochum,Weiterbildungseinrichtungen,Bildung,"Die Ev. Stadtakademie will Brücke zwischen Kirche und Welt, Forum und Faktor im gesellschaftlichen Leben der Stadt sein.",www.stadtakademie.de,"3","6","8013",2009/06/05,2018/09/26,"3","254",Bildung/Weiterbildungseinrichtungen,Weiterbildungseinrichtungen und Erwachsenenbildung,"1",61200000XEWeiterbildung,,
Augusta-Akademie,Dr.-C.-Otto-Straße 27,44879 Bochum,Schulen im Gesundheitsbereich,Bildung,Zentrale Ausbildungsstätte für Krankenpflegeberufe. der Ev. Stiftung Augusta,www.augusta-akademie.de,"3","1","8021",2009/06/05,2020/05/20,"3","54",Bildung/Berufsschulen/Schulen im Gesundheitsbereich,"Schulen im Bereich des Gesundheitswesens: Krankenpflege-, Logopäden-, Heilpraktiker-, Hebammenschulen etc.","1",61201200XEWeiterbildungFachschule,,
TABEA Evangelische Familienbildungsstätte,Westring 26a,44787 Bochum,Weiterbildungseinrichtungen,Bildung,,www.tabea-bochum.de,"3","1","8037",2009/06/05,2018/09/19,"3","254",Bildung/Weiterbildungseinrichtungen,Weiterbildungseinrichtungen und Erwachsenenbildung,"1",61200000XEWeiterbildung,,
Familienbildungsstätte der Stadt Bochum,Zechenstraße 10,44791 Bochum,Weiterbildungseinrichtungen,Bildung,,www.bochum.de/familienbildungsstaette,"3","1","8039",2009/06/05,2016/12/20,"3","254",Bildung/Weiterbildungseinrichtungen,Weiterbildungseinrichtungen und Erwachsenenbildung,"1",61200000XEWeiterbildung,,
Katholische Familienbildungsstätte im Gertrudenhof,Gertrudenhof 25,44866 Bochum,Weiterbildungseinrichtungen,Bildung,"Die Familienbildungsstätte (FBS) unterstützt und begleitet Familien in der Familienbildung, Weiterbildung.",www.kefb-bistum-essen.de/index.php?id=525,"3","8","8040",2009/06/05,2018/12/11,"3","254",Bildung/Weiterbildungseinrichtungen,Weiterbildungseinrichtungen und Erwachsenenbildung,"1",61200000XEWeiterbildung,,
Katholische Familienbildungsstätte,Am Bergbaumuseum 37,44791 Bochum,Weiterbildungseinrichtungen,Bildung,,www.kefb-bistum-essen.de,"3","5","8064",2009/06/05,2018/12/11,"3","254",Bildung/Weiterbildungseinrichtungen,Weiterbildungseinrichtungen und Erwachsenenbildung,"1",61200000XEWeiterbildung,,
SKM - Wattenscheider Berufsbildungszentrum gGmbH,Westenfelder Straße 56a,44867 Bochum,Weiterbildungseinrichtungen,Bildung,Das Wattenscheider-Berufs-Bildungs-Zentrum (WBZ),www.wbz-bochum.de,"3","1","8078",2009/06/05,2020/01/22,"3","254",Bildung/Weiterbildungseinrichtungen,Weiterbildungseinrichtungen und Erwachsenenbildung,"1",61200000XEWeiterbildung,,
